Time,Position,Sound 1,Sound 2,Temperature,Humidity,Light,Position Back,N Mov Back,N Back pos,N Back total,Position Front R,N Mov Front R,N Front pos R,N Front total R,Position Front L,N Mov Front L,N Front pos L,N Front total L
10:21:34,LEFT,8,10,24.32,44.56,570.75,HIGH,0,1,1,UP,1,1,1,DOWN,1,1,1
10:22:04,LEFT,9,7,24.33,44.57,570.75,HIGH,0,1,1,UP,1,1,1,DOWN,1,1,1
10:22:34,LEFT,10,8,24.34,44.55,570.5,HIGH,0,0,1,UP,1,1,1,DOWN,1,1,1
10:23:04,LEFT,7,10,24.35,44.54,570.5,HIGH,0,1,1,UP,1,1,1,DOWN,1,1,1
10:23:34,LEFT,8,7,24.35,44.54,570.75,HIGH,0,0,1,UP,1,1,1,DOWN,1,1,1
10:24:04,LEFT,8,9,24.35,44.53,570.5,HIGH,0,0,1,UP,1,1,1,DOWN,1,1,1
10:24:34,LEFT,7,10,24.36,44.52,570.75,HIGH,0,0,1,UP,1,1,1,DOWN,1,1,1
10:25:04,LEFT,10,9,24.39,44.4,571,HIGH,1,0,0,UP,1,1,1,DOWN,1,1,1
10:25:34,LEFT,10,8,24.4,44.41,570.25,HIGH,1,0,0,UP,1,1,1,DOWN,1,1,1
10:26:04,LEFT,10,10,24.39,44.42,570.5,HIGH,1,1,0,UP,1,1,1,DOWN,1,1,1
10:26:34,LEFT,7,9,24.4,44.39,570.25,HIGH,1,0,0,UP,1,1,1,DOWN,1,1,1
10:27:04,LEFT,9,7,24.4,44.39,570.5,HIGH,1,0,0,UP,1,1,1,DOWN,1,1,1
10:27:34,LEFT,10,10,24.39,44.38,570.25,HIGH,1,0,0,UP,1,1,1,DOWN,1,1,1
10:28:04,LEFT,10,9,24.4,44.38,570.25,HIGH,1,0,0,UP,1,1,1,DOWN,1,1,1
10:28:34,LEFT,8,10,24.4,44.37,570.25,HIGH,1,0,0,UP,1,1,1,DOWN,1,1,1
10:29:04,LEFT,9,10,24.39,44.36,570.75,HIGH,1,1,0,UP,1,1,1,DOWN,1,1,1
10:29:34,LEFT,7,7,24.4,44.33,570.5,HIGH,1,1,0,UP,1,1,1,DOWN,1,1,1
10:30:04,LEFT,8,9,24.4,44.33,570.25,HIGH,1,1,0,UP,1,1,1,DOWN,1,1,1
10:30:34,LEFT,10,8,24.4,44.32,570.5,HIGH,1,1,0,UP,1,1,1,DOWN,1,1,1
10:31:04,LEFT,10,7,24.41,44.33,570.25,HIGH,1,1,0,UP,1,1,1,DOWN,1,1,1
10:31:34,LEFT,7,10,24.41,44.33,570.5,HIGH,1,0,0,UP,1,1,1,UP,2,1,1
10:32:04,LEFT,9,8,24.4,44.3,570.25,HIGH,1,1,0,UP,1,1,1,UP,2,1,1
10:32:34,LEFT,8,7,24.41,44.29,570.5,HIGH,1,1,0,UP,1,1,1,UP,2,1,1
10:33:04,LEFT,10,8,24.41,44.31,570.25,HIGH,1,1,0,UP,1,1,1,UP,2,1,1
10:33:34,LEFT,7,10,24.41,44.28,570.25,HIGH,1,1,0,UP,1,1,1,UP,2,1,1
10:34:04,LEFT,7,9,24.41,44.28,570.75,HIGH,1,0,0,UP,1,1,1,UP,2,1,1
10:34:34,LEFT,9,9,24.41,44.28,570.5,HIGH,1,0,0,UP,1,1,1,UP,2,1,1
10:35:04,LEFT,8,8,24.42,44.25,570.5,HIGH,1,1,0,UP,1,1,1,UP,2,1,1
10:35:34,LEFT,8,10,24.41,44.27,570.75,HIGH,1,0,0,UP,1,1,1,UP,2,1,1
10:36:04,LEFT,7,7,24.42,44.25,570.75,HIGH,1,1,0,UP,1,1,1,UP,2,1,1
10:36:34,LEFT,8,9,24.42,44.25,570.25,HIGH,1,0,0,UP,1,1,1,UP,2,1,1
10:37:04,LEFT,7,7,24.42,44.23,570.5,HIGH,1,1,0,UP,1,1,1,UP,2,1,1
10:37:34,LEFT,10,8,24.43,44.23,570.5,HIGH,1,1,0,UP,1,1,1,UP,2,1,1
10:38:04,LEFT,8,9,24.42,44.22,570.25,HIGH,1,1,0,UP,1,1,1,UP,2,1,1
10:38:34,LEFT,7,7,24.42,44.24,570.75,HIGH,1,0,0,UP,1,1,1,UP,2,1,1
10:39:04,LEFT,10,8,24.42,44.21,570.5,HIGH,1,1,0,UP,1,1,1,UP,2,1,1
10:39:34,LEFT,8,8,24.42,44.21,570.25,HIGH,1,1,0,UP,1,1,1,UP,2,1,1
10:40:04,LEFT,10,7,24.42,44.2,570.5,HIGH,1,0,0,UP,1,1,1,UP,2,1,1
10:40:34,LEFT,19,7,24.42,44.2,570.5,HIGH,1,0,0,UP,1,1,1,UP,2,1,1
10:41:04,LEFT,16,7,24.43,44.2,570.75,HIGH,1,1,0,UP,1,1,1,UP,2,1,1
10:41:34,LEFT,16,10,24.43,44.19,570.25,HIGH,1,1,0,UP,1,1,1,UP,2,1,1
10:42:04,LEFT,15,10,24.43,44.17,570.25,HIGH,1,0,0,UP,1,1,1,UP,2,1,1
10:42:34,LEFT,15,8,24.48,42.98,570.75,HIGH,1,1,0,UP,1,1,1,UP,2,1,1
10:43:04,LEFT,19,7,24.48,42.98,570.75,HIGH,1,0,0,UP,1,1,1,UP,2,1,1
10:43:34,LEFT,18,9,24.49,42.95,570.5,HIGH,2,1,0,UP,1,1,1,UP,2,1,1
10:44:04,LEFT,18,10,24.48,42.96,570.5,HIGH,2,0,0,UP,1,1,1,UP,2,1,1
10:44:34,LEFT,19,10,24.48,42.95,570.75,HIGH,2,1,0,UP,1,1,1,UP,2,1,1
10:45:04,LEFT,16,9,24.49,42.94,570.25,HIGH,2,0,0,UP,1,1,1,UP,2,1,1
10:45:34,LEFT,17,9,24.49,42.93,570.5,HIGH,2,1,0,UP,1,1,1,UP,2,1,1
10:46:04,LEFT,17,8,24.49,42.93,570.25,HIGH,2,1,0,UP,1,1,1,UP,2,1,1
10:46:34,LEFT,18,9,24.5,42.91,570.25,HIGH,2,0,0,UP,1,1,1,UP,2,1,1
10:47:04,LEFT,14,8,24.5,42.91,570.5,HIGH,2,0,0,UP,1,1,1,UP,2,1,1
10:47:34,LEFT,18,8,24.51,42.91,570.5,HIGH,2,0,0,UP,1,1,1,UP,2,1,1
10:48:04,LEFT,17,9,24.5,42.89,570.75,HIGH,2,0,0,UP,1,1,1,UP,2,1,1
10:48:34,LEFT,18,10,24.51,42.9,570.25,HIGH,2,0,0,UP,1,1,1,UP,2,1,1
10:49:04,LEFT,16,9,24.52,42.89,570.25,HIGH,2,1,0,UP,1,1,1,UP,2,1,1
10:49:34,LEFT,14,10,24.51,42.89,570.5,HIGH,2,1,0,UP,1,1,1,UP,2,1,1
10:50:04,LEFT,16,8,24.51,42.89,570.25,HIGH,2,1,0,UP,1,1,1,UP,2,1,1
10:50:34,LEFT,17,10,24.52,42.87,570.75,HIGH,3,0,0,UP,1,1,1,UP,2,1,1
10:51:04,LEFT,17,7,25.08,39.45,570.75,HIGH,3,0,0,UP,1,1,1,UP,2,1,1
10:51:34,LEFT,17,10,25.08,39.46,570.5,HIGH,3,0,0,UP,1,1,1,UP,2,1,1
10:52:04,LEFT,15,10,25.08,39.46,570.75,HIGH,3,0,0,UP,1,1,1,UP,2,1,1
10:52:34,LEFT,17,7,25.08,39.45,570.5,HIGH,3,0,0,UP,1,1,1,UP,2,1,1
10:53:04,LEFT,18,8,25.08,39.45,570.5,HIGH,3,0,0,UP,1,1,1,UP,2,1,1
10:53:34,LEFT,14,9,25.09,39.42,570.5,HIGH,3,0,0,UP,1,1,1,UP,2,1,1
10:54:04,LEFT,18,8,25.1,39.42,570.75,HIGH,3,1,0,UP,1,1,1,UP,2,1,1
10:54:34,LEFT,17,10,25.1,39.42,570.75,HIGH,3,1,0,UP,1,1,1,UP,2,1,1
10:55:04,LEFT,16,8,25.1,39.43,570.75,HIGH,3,1,0,UP,1,1,1,UP,2,1,1
10:55:34,LEFT,20,10,25.1,39.41,570.5,HIGH,3,1,0,UP,1,1,1,UP,2,1,1
10:56:04,LEFT,19,8,25.09,39.41,570.5,HIGH,3,0,0,UP,1,1,1,UP,2,1,1
10:56:34,LEFT,15,9,25.1,39.4,570.75,HIGH,3,0,0,UP,1,1,1,UP,2,1,1
10:57:04,LEFT,16,7,25.1,39.41,570.5,HIGH,3,0,0,UP,1,1,1,UP,2,1,1
10:57:34,LEFT,16,10,25.11,39.42,570.5,HIGH,3,1,0,UP,1,1,1,UP,2,1,1
10:58:04,LEFT,16,7,25.12,39.4,570.75,HIGH,3,0,0,UP,1,1,1,UP,2,1,1
10:58:34,LEFT,15,9,25.12,39.39,570.75,HIGH,3,1,0,UP,1,1,1,UP,2,1,1
10:59:04,LEFT,17,10,25.11,39.38,570.5,HIGH,3,0,0,UP,1,1,1,UP,2,1,1
10:59:34,LEFT,16,9,25.11,39.39,570.75,HIGH,3,0,0,UP,1,1,1,UP,2,1,1
11:00:04,LEFT,15,8,25.12,39.39,571,HIGH,4,1,0,UP,1,1,1,UP,2,1,1
11:00:34,LEFT,20,10,25.12,39.39,570.5,HIGH,4,0,0,UP,1,1,1,UP,2,1,1
11:01:04,LEFT,17,10,25.12,39.38,570.75,HIGH,4,0,0,UP,1,1,1,UP,2,1,1
11:01:34,LEFT,18,7,25.12,39.37,570.75,HIGH,4,1,0,UP,1,1,1,UP,2,1,1
11:02:04,LEFT,18,9,25.12,39.38,570.25,HIGH,4,0,0,UP,1,1,1,UP,2,1,1
11:02:34,LEFT,17,8,25.12,39.38,570.75,HIGH,5,1,0,UP,1,1,1,UP,2,1,1
11:03:04,LEFT,18,8,25.13,39.37,570.75,HIGH,5,1,0,UP,1,1,1,UP,2,1,1
11:03:34,LEFT,19,7,25.12,39.37,571,HIGH,5,0,0,UP,1,1,1,UP,2,1,1
11:04:04,LEFT,16,7,25.13,39.37,570.75,HIGH,5,1,0,UP,1,1,1,UP,2,1,1
11:04:34,LEFT,17,7,25.13,39.37,570.75,HIGH,6,1,0,UP,1,1,1,UP,2,1,1
11:05:04,LEFT,16,7,25.13,39.37,570.75,HIGH,7,1,0,UP,1,1,1,UP,2,1,1
11:05:34,LEFT,19,10,25.14,39.35,570.5,HIGH,7,1,0,UP,1,1,1,UP,2,1,1
11:06:04,LEFT,20,10,25.15,39.34,570.5,HIGH,7,0,0,UP,1,1,1,UP,2,1,1
11:06:34,LEFT,17,9,25.15,39.36,570.75,HIGH,7,0,0,UP,1,1,1,UP,2,1,1
11:07:04,LEFT,16,7,25.15,39.36,570.5,HIGH,7,1,0,UP,1,1,1,UP,2,1,1
11:07:34,LEFT,18,7,25.14,39.35,570.75,HIGH,7,0,0,UP,1,1,1,UP,2,1,1
11:08:04,LEFT,20,9,25.15,39.36,570.75,HIGH,7,1,0,UP,1,1,1,UP,2,1,1
11:08:34,LEFT,15,10,25.16,39.34,570.75,HIGH,7,0,0,UP,1,1,1,UP,2,1,1
11:09:04,LEFT,14,8,25.15,39.34,570.75,HIGH,7,0,0,UP,1,1,1,UP,2,1,1
11:09:34,LEFT,16,7,25.15,39.33,570.75,HIGH,7,0,0,UP,1,1,1,UP,2,1,1
11:10:04,LEFT,18,8,25.16,39.34,570.75,HIGH,7,0,0,UP,1,1,1,UP,2,1,1
11:10:34,LEFT,17,9,25.17,39.34,570.75,HIGH,7,0,0,UP,1,1,1,UP,2,1,1
11:11:04,LEFT,18,10,25.17,39.33,570.5,HIGH,7,0,0,UP,1,1,1,UP,2,1,1
11:11:34,LEFT,14,10,25.17,39.34,571,HIGH,7,1,0,UP,1,1,1,UP,2,1,1
11:12:04,LEFT,18,10,25.17,39.34,570.75,HIGH,7,1,0,UP,1,1,1,UP,2,1,1
11:12:34,LEFT,19,9,25.18,39.35,570.75,HIGH,8,0,0,UP,1,1,1,UP,2,1,1
11:13:04,LEFT,20,9,25.17,39.33,570.75,HIGH,8,0,0,UP,1,1,1,UP,2,1,1
11:13:34,LEFT,16,7,25.18,39.33,571,HIGH,8,0,0,UP,1,1,1,UP,2,1,1
11:14:04,LEFT,15,7,25.19,39.35,571,HIGH,9,0,0,UP,1,1,1,UP,2,1,1
11:14:34,LEFT,20,7,25.18,39.36,570.75,HIGH,9,1,0,UP,1,1,1,UP,2,1,1
11:15:04,LEFT,18,10,25.19,39.37,570.75,HIGH,9,0,0,UP,1,1,1,UP,2,1,1
11:15:34,LEFT,18,9,25.19,39.38,570.75,HIGH,9,0,0,UP,1,1,1,UP,2,1,1
11:16:04,LEFT,15,10,25.2,39.37,570.75,HIGH,9,0,0,UP,1,1,1,UP,2,1,1
11:16:34,LEFT,16,8,25.18,39.37,571,HIGH,9,0,0,UP,1,1,1,UP,2,1,1
11:17:04,LEFT,19,7,25.19,39.39,570.5,HIGH,9,0,0,UP,1,1,1,UP,2,1,1
11:17:34,LEFT,18,9,25.2,39.39,570.75,HIGH,9,1,0,UP,1,1,1,UP,2,1,1
11:18:04,LEFT,17,9,25.2,39.39,570.75,HIGH,9,1,0,UP,1,1,1,UP,2,1,1
11:18:34,LEFT,17,7,25.2,39.39,571,HIGH,9,0,0,UP,1,1,1,UP,2,1,1
11:19:04,LEFT,15,8,25.21,39.4,570.5,HIGH,9,0,0,DOWN,2,1,1,UP,2,1,1
11:19:34,LEFT,15,10,25.22,39.39,570.5,HIGH,9,0,0,DOWN,2,1,1,UP,2,1,1
11:20:04,LEFT,15,7,25.21,39.42,570.75,HIGH,9,1,0,DOWN,2,1,1,UP,2,1,1
11:20:34,LEFT,18,9,25.21,39.42,570.75,HIGH,9,1,0,DOWN,2,1,1,UP,2,1,1
11:21:04,LEFT,15,7,25.22,39.42,570.75,HIGH,9,0,0,DOWN,2,1,1,UP,2,1,1
11:21:34,LEFT,17,9,25.22,39.42,570.25,HIGH,9,0,1,DOWN,2,1,1,UP,2,1,1
11:22:04,LEFT,19,8,25.23,39.42,570.75,HIGH,9,1,1,DOWN,2,1,1,UP,2,1,1
11:22:34,LEFT,19,9,25.22,39.45,570.75,HIGH,9,1,1,DOWN,2,1,1,UP,2,1,1
11:23:04,LEFT,17,9,25.23,39.46,570.5,HIGH,9,0,1,DOWN,2,1,1,UP,2,1,1
11:23:34,LEFT,18,10,25.24,39.44,571,HIGH,9,1,1,DOWN,2,1,1,UP,2,1,1
11:24:04,LEFT,17,10,25.23,39.45,570.75,HIGH,9,1,1,DOWN,2,1,1,UP,2,1,1
11:24:34,LEFT,18,9,25.23,39.45,570.5,HIGH,9,0,1,DOWN,2,1,1,UP,2,1,1
11:25:04,LEFT,19,7,25.6,39.16,570.75,HIGH,9,0,1,DOWN,2,1,1,UP,2,1,1
11:25:34,LEFT,14,10,25.6,39.14,571,HIGH,9,1,1,DOWN,2,1,1,UP,2,1,1
11:26:04,LEFT,10,9,25.6,39.14,570.75,HIGH,9,1,1,DOWN,2,1,1,UP,2,1,1
11:26:34,LEFT,7,10,25.61,39.14,571,HIGH,9,1,1,DOWN,2,1,1,UP,2,1,1
11:27:04,LEFT,7,10,25.61,39.14,570.75,HIGH,9,0,1,DOWN,2,1,1,UP,2,1,1
11:27:34,LEFT,9,8,25.61,39.14,571,HIGH,9,1,1,DOWN,2,1,1,UP,2,1,1
11:28:04,LEFT,9,7,25.61,39.15,571,HIGH,9,1,1,DOWN,2,1,1,UP,2,1,1
11:28:34,LEFT,8,9,25.62,39.13,571,HIGH,9,0,1,DOWN,2,1,1,UP,2,1,1
11:29:04,LEFT,8,10,25.63,39.12,570.75,HIGH,9,0,1,DOWN,2,1,1,UP,2,1,1
11:29:34,LEFT,10,10,25.63,39.13,570.75,HIGH,9,0,1,DOWN,2,1,1,UP,2,1,1
11:30:04,LEFT,8,10,25.62,39.12,571.25,HIGH,9,0,1,DOWN,2,1,1,UP,2,1,1
11:30:34,LEFT,7,8,25.62,39.13,571,HIGH,9,0,1,DOWN,2,1,1,UP,2,1,1
11:31:04,LEFT,8,8,25.63,39.11,570.75,HIGH,9,0,1,DOWN,2,1,1,UP,2,1,1
11:31:34,LEFT,9,10,25.63,39.12,571,HIGH,9,0,1,DOWN,2,1,1,UP,2,1,1
11:32:04,LEFT,10,9,25.63,39.1,571,HIGH,9,1,1,DOWN,2,1,1,UP,2,1,1
11:32:34,LEFT,9,8,25.64,39.12,570.75,HIGH,9,0,1,DOWN,2,1,1,UP,2,1,1
11:33:04,LEFT,8,10,25.63,39.1,571,HIGH,9,1,1,DOWN,2,1,1,UP,2,1,1
11:33:34,LEFT,10,10,26.25,38.83,571,HIGH,9,0,1,DOWN,2,1,1,UP,2,1,1
11:34:04,LEFT,9,7,26.26,38.86,571,HIGH,9,0,1,DOWN,2,1,1,DOWN,3,1,1
11:34:34,LEFT,7,10,26.25,38.83,571,HIGH,9,0,1,DOWN,2,1,1,DOWN,3,1,1
11:35:04,LEFT,10,9,26.26,38.83,571,HIGH,9,1,1,DOWN,2,1,1,DOWN,3,1,1
11:35:34,LEFT,8,8,26.26,38.81,570.75,HIGH,9,1,1,DOWN,2,1,1,DOWN,3,1,1
11:36:04,LEFT,9,7,26.26,38.83,571.25,HIGH,9,1,1,DOWN,2,1,1,DOWN,3,1,1
11:36:34,RIGHT,7,7,26.26,38.81,571,HIGH,9,1,1,DOWN,2,1,1,DOWN,3,1,1
11:37:04,RIGHT,10,10,26.26,38.81,571,HIGH,9,1,1,DOWN,2,1,1,DOWN,3,1,1
11:37:34,RIGHT,10,8,26.27,38.83,571,HIGH,9,0,1,DOWN,2,1,1,DOWN,3,1,1
11:38:04,RIGHT,10,8,26.27,38.83,571.25,HIGH,9,1,1,DOWN,2,1,1,DOWN,3,1,1
11:38:34,RIGHT,9,8,26.27,38.81,571.25,HIGH,9,0,1,DOWN,2,1,1,DOWN,3,1,1
11:39:04,RIGHT,7,8,26.27,38.81,571,HIGH,9,1,1,DOWN,2,1,1,DOWN,3,1,1
11:39:34,RIGHT,9,25,26.27,38.8,571.25,HIGH,9,0,1,DOWN,2,1,1,DOWN,3,1,1
11:40:04,RIGHT,9,26,26.27,38.8,571.25,HIGH,9,1,1,DOWN,2,1,1,DOWN,3,1,1
11:40:34,RIGHT,8,25,26.27,38.81,571,HIGH,9,0,1,DOWN,2,1,1,DOWN,3,1,1
11:41:04,RIGHT,10,28,26.27,38.8,571.25,HIGH,9,1,1,DOWN,2,1,1,DOWN,3,1,1
11:41:34,RIGHT,10,26,26.27,38.8,571.5,HIGH,9,1,1,DOWN,2,1,1,DOWN,3,1,1
11:42:04,RIGHT,9,25,26.27,38.8,571,HIGH,9,0,1,DOWN,2,1,1,DOWN,3,1,1
11:42:34,RIGHT,10,24,26.27,38.79,571,HIGH,9,0,1,DOWN,2,1,1,DOWN,3,1,1
11:43:04,RIGHT,7,25,26.28,38.79,570.75,HIGH,9,1,1,DOWN,2,1,1,DOWN,3,1,1
11:43:34,RIGHT,9,27,26.28,38.8,571,HIGH,9,1,1,DOWN,2,1,1,DOWN,3,1,1
11:44:04,RIGHT,8,25,26.27,38.78,571,HIGH,9,0,1,DOWN,2,1,1,DOWN,3,1,1
11:44:34,RIGHT,8,25,26.28,38.8,571,HIGH,9,0,1,DOWN,2,1,1,DOWN,3,1,1
11:45:04,RIGHT,9,26,26.28,38.76,571,HIGH,9,1,1,DOWN,2,1,1,DOWN,3,1,1
11:45:34,RIGHT,10,23,26.27,38.78,570.75,HIGH,9,1,1,DOWN,2,1,1,DOWN,3,1,1
11:46:04,RIGHT,7,29,26.29,38.78,570.75,HIGH,9,1,1,DOWN,2,1,1,DOWN,3,1,1
11:46:34,RIGHT,9,26,26.28,38.78,571,HIGH,9,1,1,DOWN,2,1,1,DOWN,3,1,1
11:47:04,RIGHT,9,26,26.29,38.77,571.25,HIGH,9,0,1,DOWN,2,1,1,DOWN,3,1,1
11:47:34,RIGHT,10,28,26.29,38.76,571,HIGH,9,0,1,DOWN,2,1,1,DOWN,3,1,1
11:48:04,RIGHT,7,26,26.29,38.77,571,HIGH,9,1,1,DOWN,2,1,1,DOWN,3,1,1
11:48:34,RIGHT,9,26,26.29,38.76,571,HIGH,9,0,1,DOWN,2,1,1,DOWN,3,1,1
11:49:04,RIGHT,9,24,26.29,38.75,571.25,HIGH,9,0,1,DOWN,2,1,1,DOWN,3,1,1
11:49:34,RIGHT,8,26,26.3,38.76,571.25,HIGH,9,1,1,DOWN,2,1,1,DOWN,3,1,1
11:50:04,RIGHT,10,25,26.3,38.76,571,HIGH,9,0,1,DOWN,2,1,1,DOWN,3,1,1
11:50:34,RIGHT,9,26,26.31,38.77,571,HIGH,9,0,1,DOWN,2,1,1,DOWN,3,1,1
11:51:04,RIGHT,7,28,26.31,38.74,571,HIGH,9,0,1,DOWN,2,1,1,DOWN,3,1,1
11:51:34,RIGHT,9,24,26.32,38.75,571,HIGH,9,1,1,DOWN,2,1,1,DOWN,3,1,1
11:52:04,RIGHT,8,28,26.32,38.75,571.25,HIGH,9,1,1,DOWN,2,1,1,DOWN,3,1,1
11:52:34,RIGHT,9,26,26.32,38.74,571.25,HIGH,9,1,1,DOWN,2,1,1,DOWN,3,1,1
11:53:04,RIGHT,8,25,26.81,37.62,571,HIGH,9,1,1,DOWN,2,1,1,DOWN,3,1,1
11:53:34,RIGHT,9,25,26.81,37.64,571.25,HIGH,9,0,1,DOWN,2,1,1,DOWN,3,1,1
11:54:04,RIGHT,8,28,26.82,37.62,571.25,HIGH,9,1,1,DOWN,2,1,1,DOWN,3,1,1
11:54:34,RIGHT,8,25,26.82,37.63,571.25,HIGH,9,1,1,DOWN,2,1,1,DOWN,3,1,1
11:55:04,RIGHT,9,27,26.83,37.63,571.25,HIGH,9,0,1,DOWN,2,1,1,DOWN,3,1,1
11:55:34,RIGHT,7,26,26.82,37.62,571.25,HIGH,9,0,1,DOWN,2,1,1,DOWN,3,1,1
11:56:04,RIGHT,7,29,26.82,37.62,571.5,HIGH,9,0,1,DOWN,2,1,1,DOWN,3,1,1
11:56:34,RIGHT,7,22,26.83,37.62,571.5,HIGH,9,1,1,DOWN,2,1,1,DOWN,3,1,1
11:57:04,RIGHT,10,24,26.83,37.62,571.25,HIGH,9,0,1,DOWN,2,1,1,DOWN,3,1,1
11:57:34,RIGHT,8,26,26.83,37.6,571.5,HIGH,9,0,1,DOWN,2,1,1,DOWN,3,1,1
11:58:04,RIGHT,8,24,26.83,37.61,571.25,HIGH,9,1,1,DOWN,2,1,1,DOWN,3,1,1
11:58:34,RIGHT,8,29,26.82,37.6,571.25,HIGH,9,1,1,DOWN,2,1,1,DOWN,3,1,1
11:59:04,RIGHT,8,26,26.83,37.6,571.25,HIGH,9,1,1,DOWN,2,1,1,DOWN,3,1,1
11:59:34,RIGHT,7,28,26.83,37.61,571.5,HIGH,9,1,1,DOWN,2,1,1,DOWN,3,1,1
12:00:04,RIGHT,7,24,27.36,36.86,571.5,HIGH,9,1,1,DOWN,2,1,1,DOWN,3,1,1
12:00:34,RIGHT,7,23,27.37,36.88,571.5,HIGH,9,1,1,DOWN,2,1,1,DOWN,3,1,1
12:01:04,RIGHT,7,24,27.38,36.85,571.25,HIGH,9,0,1,DOWN,2,1,1,DOWN,3,1,1
12:01:34,RIGHT,10,24,27.37,36.85,571.75,HIGH,9,1,1,DOWN,2,1,1,DOWN,3,1,1
12:02:04,RIGHT,10,27,27.38,36.86,571.25,HIGH,9,1,1,DOWN,2,1,1,DOWN,3,1,1
12:02:34,RIGHT,8,26,27.37,36.85,571.5,HIGH,9,1,1,DOWN,2,1,1,DOWN,3,1,1
12:03:04,RIGHT,9,23,27.38,36.86,571.25,HIGH,9,0,1,DOWN,2,1,1,DOWN,3,1,1
12:03:34,RIGHT,7,28,27.38,36.87,571.5,HIGH,9,0,1,DOWN,2,1,1,DOWN,3,1,1
12:04:04,RIGHT,7,27,27.38,36.87,571.5,HIGH,9,0,1,DOWN,2,1,1,DOWN,3,1,1
12:04:34,RIGHT,9,24,27.38,36.87,571.5,HIGH,9,0,1,DOWN,2,1,1,DOWN,3,1,1
12:05:04,RIGHT,9,22,27.38,36.86,571.5,HIGH,9,1,1,DOWN,2,1,1,DOWN,3,1,1
12:05:34,RIGHT,8,26,27.39,36.86,571.25,HIGH,9,1,1,DOWN,2,1,1,DOWN,3,1,1
12:06:04,RIGHT,10,28,27.39,36.86,571.5,HIGH,9,1,1,DOWN,2,1,1,DOWN,3,1,1
12:06:34,RIGHT,9,23,27.39,36.86,571.75,HIGH,9,1,1,DOWN,2,1,1,DOWN,3,1,1
12:07:04,RIGHT,9,24,27.39,36.88,571.5,HIGH,9,0,1,DOWN,2,1,1,DOWN,3,1,1
12:07:34,RIGHT,7,24,27.39,36.87,571.75,HIGH,9,1,1,DOWN,2,1,1,DOWN,3,1,1
12:08:04,RIGHT,8,24,27.39,36.85,571.5,HIGH,9,0,1,DOWN,2,1,1,DOWN,3,1,1
12:08:34,RIGHT,9,26,27.39,36.87,571.75,HIGH,9,1,1,DOWN,2,1,1,DOWN,3,1,1
12:09:04,RIGHT,10,23,27.39,36.86,571.5,HIGH,9,1,1,DOWN,2,1,1,DOWN,3,1,1
12:09:34,RIGHT,8,27,27.39,36.86,571.5,HIGH,9,0,1,DOWN,2,1,1,DOWN,3,1,1
12:10:04,RIGHT,8,22,27.39,36.85,571.75,HIGH,9,0,1,DOWN,2,1,1,DOWN,3,1,1
12:10:34,RIGHT,9,26,27.39,36.87,571.25,HIGH,9,0,1,DOWN,2,1,1,DOWN,3,1,1
12:11:04,RIGHT,9,23,27.4,36.85,571.5,HIGH,9,1,1,DOWN,2,1,1,DOWN,3,1,1
12:11:34,RIGHT,8,26,27.39,36.86,571.5,HIGH,9,0,1,DOWN,2,1,1,DOWN,3,1,1
12:12:04,RIGHT,8,26,27.4,36.86,571.75,HIGH,9,0,1,DOWN,2,1,1,DOWN,3,1,1
12:12:34,RIGHT,9,28,27.39,36.86,571.75,HIGH,9,0,1,DOWN,2,1,1,DOWN,3,1,1
12:13:04,RIGHT,7,26,27.39,36.87,571.5,HIGH,9,1,1,DOWN,2,1,1,DOWN,3,1,1
12:13:34,RIGHT,10,24,27.4,36.85,571.5,HIGH,9,1,1,DOWN,2,1,1,DOWN,3,1,1
12:14:04,RIGHT,8,23,27.4,36.86,571.5,HIGH,9,0,1,DOWN,2,1,1,DOWN,3,1,1
12:14:34,RIGHT,9,25,27.41,36.87,571.5,HIGH,9,1,1,DOWN,2,1,1,DOWN,3,1,1
12:15:04,RIGHT,7,28,27.4,36.86,571.75,HIGH,9,0,1,DOWN,2,1,1,DOWN,3,1,1
12:15:34,RIGHT,10,27,27.41,36.86,571.5,HIGH,9,1,1,DOWN,2,1,1,DOWN,3,1,1
12:16:04,RIGHT,7,24,27.41,36.86,571.75,HIGH,9,0,1,DOWN,2,1,1,DOWN,3,1,1
12:16:34,RIGHT,7,26,27.41,36.86,571.75,HIGH,9,0,1,DOWN,2,1,1,DOWN,3,1,1
12:17:04,RIGHT,8,28,27.4,36.87,571.75,HIGH,9,0,1,DOWN,2,1,1,DOWN,3,1,1
12:17:34,RIGHT,7,23,27.41,36.86,571.5,HIGH,9,1,1,DOWN,2,1,1,DOWN,3,1,1
12:18:04,RIGHT,10,24,27.4,36.86,572,HIGH,9,0,1,DOWN,2,1,1,DOWN,3,1,1
12:18:34,RIGHT,9,22,27.41,36.86,571.25,HIGH,9,1,1,DOWN,2,1,1,DOWN,3,1,1
12:19:04,RIGHT,8,25,27.42,36.86,571.75,HIGH,9,0,1,DOWN,2,1,1,DOWN,3,1,1
12:19:34,RIGHT,8,25,27.41,36.85,571.5,HIGH,9,0,1,DOWN,2,1,1,DOWN,3,1,1
12:20:04,RIGHT,8,24,27.42,36.85,571.5,HIGH,9,1,1,DOWN,2,1,1,DOWN,3,1,1
12:20:34,RIGHT,8,28,27.42,36.86,571.75,HIGH,9,0,1,DOWN,2,1,1,DOWN,3,1,1
12:21:04,RIGHT,10,27,27.42,36.86,571.75,HIGH,9,1,1,DOWN,2,1,1,DOWN,3,1,1
12:21:34,RIGHT,8,27,27.42,36.86,571.5,HIGH,9,0,1,DOWN,2,1,1,DOWN,3,1,1
12:22:04,RIGHT,9,25,27.42,36.86,571.75,HIGH,9,0,1,DOWN,2,1,1,DOWN,3,1,1
12:22:34,RIGHT,10,24,27.44,36.86,571.75,HIGH,9,0,1,DOWN,2,1,1,DOWN,3,1,1
12:23:04,RIGHT,7,27,27.43,36.88,571.5,HIGH,9,1,1,DOWN,2,1,1,DOWN,3,1,1
12:23:34,RIGHT,10,27,27.43,36.87,571.25,HIGH,9,0,1,DOWN,2,1,1,DOWN,3,1,1
12:24:04,RIGHT,9,24,27.43,36.85,571.5,HIGH,9,0,1,DOWN,2,1,1,DOWN,3,1,1
12:24:34,RIGHT,10,26,27.43,36.88,571.5,HIGH,9,1,1,DOWN,2,1,1,DOWN,3,1,1
12:25:04,RIGHT,7,28,27.43,36.86,571.75,HIGH,9,0,1,DOWN,2,1,1,DOWN,3,1,1
12:25:34,RIGHT,7,27,27.44,36.86,571.5,HIGH,9,1,1,DOWN,2,1,1,DOWN,3,1,1
12:26:04,RIGHT,10,25,27.44,36.86,571.75,HIGH,9,0,1,DOWN,2,1,1,DOWN,3,1,1
12:26:34,RIGHT,7,26,27.44,36.85,571.5,HIGH,9,1,1,DOWN,2,1,1,DOWN,3,1,1
12:27:04,RIGHT,8,23,27.44,36.86,571.5,HIGH,9,0,1,DOWN,2,1,1,DOWN,3,1,1
12:27:34,RIGHT,8,28,27.44,36.85,571.75,HIGH,9,1,1,DOWN,2,1,1,DOWN,3,1,1
12:28:04,RIGHT,9,26,27.44,36.85,571.5,HIGH,9,0,1,DOWN,2,1,1,DOWN,3,1,1
12:28:34,RIGHT,8,23,27.44,36.84,571.25,HIGH,9,1,1,DOWN,2,1,1,DOWN,3,1,1
12:29:04,RIGHT,10,27,27.45,36.85,571.25,HIGH,9,1,1,UP,3,1,1,DOWN,3,1,1
12:29:34,RIGHT,7,23,27.45,36.85,571.5,HIGH,9,1,1,UP,3,1,1,DOWN,3,1,1
12:30:04,RIGHT,7,22,27.45,36.84,571.75,HIGH,9,1,1,UP,3,1,1,DOWN,3,1,1
12:30:34,RIGHT,9,29,27.46,36.83,571.5,HIGH,9,1,1,UP,3,1,1,DOWN,3,1,1
12:31:04,RIGHT,10,24,27.68,37.09,571.5,HIGH,9,0,1,UP,3,1,1,DOWN,3,1,1
12:31:34,RIGHT,7,26,27.67,37.09,571.5,HIGH,9,0,1,UP,3,1,1,DOWN,3,1,1
12:32:04,RIGHT,8,25,27.68,37.09,571.5,HIGH,9,1,1,UP,3,1,1,DOWN,3,1,1
12:32:34,RIGHT,10,23,27.67,37.09,571.75,MED,9,0,1,UP,3,1,1,DOWN,3,1,1
12:33:04,RIGHT,10,27,27.68,37.08,571.75,MED,9,0,1,UP,3,1,1,DOWN,3,1,1
12:33:34,RIGHT,8,27,27.68,37.09,571.5,MED,9,1,1,UP,3,1,1,DOWN,3,1,1
12:34:04,RIGHT,7,27,27.69,37.08,571.5,MED,9,0,1,UP,3,1,1,DOWN,3,1,1
12:34:34,RIGHT,9,23,27.69,37.08,571.75,MED,9,1,1,UP,3,1,1,DOWN,3,1,1
12:35:04,RIGHT,9,25,27.68,37.08,571.75,MED,9,0,1,UP,3,1,1,DOWN,3,1,1
12:35:34,RIGHT,9,24,27.68,37.07,571.5,MED,9,0,1,UP,3,1,1,DOWN,3,1,1
12:36:04,RIGHT,7,26,27.72,36.93,571.75,MED,9,0,1,UP,3,1,1,DOWN,3,1,1
12:36:34,RIGHT,10,25,27.71,36.92,571.75,MED,9,0,1,UP,3,1,1,DOWN,3,1,1
12:37:04,RIGHT,9,28,27.71,36.93,571.75,MED,9,0,1,UP,3,1,1,DOWN,3,1,1
12:37:34,RIGHT,7,28,27.71,36.92,571.5,MED,9,1,1,UP,3,1,1,DOWN,3,1,1
12:38:04,RIGHT,7,26,27.72,36.93,571.5,MED,9,1,1,UP,3,1,1,DOWN,3,1,1
12:38:34,RIGHT,8,27,27.72,36.93,571.75,MED,9,0,1,UP,3,1,1,DOWN,3,1,1
12:39:04,RIGHT,7,26,27.71,36.92,571.5,MED,9,0,1,UP,3,1,1,DOWN,3,1,1
12:39:34,RIGHT,10,22,27.72,36.92,571.5,MED,9,0,1,UP,3,1,1,DOWN,3,1,1
12:40:04,RIGHT,7,28,27.72,36.93,571.75,MED,9,1,1,UP,3,1,1,DOWN,3,1,1
12:40:34,RIGHT,9,25,27.72,36.92,571.75,MED,9,1,1,UP,3,1,1,DOWN,3,1,1
12:41:04,RIGHT,10,26,27.73,36.93,571.75,MED,9,1,1,UP,3,1,1,DOWN,3,1,1
12:41:34,RIGHT,9,26,27.72,36.92,571.5,MED,9,0,1,UP,3,1,1,DOWN,3,1,1
12:42:04,RIGHT,8,25,27.72,36.93,571.5,MED,9,0,1,UP,3,1,1,DOWN,3,1,1
12:42:34,RIGHT,8,27,28,36.36,571.75,MED,9,0,1,UP,3,1,1,DOWN,3,1,1
12:43:04,RIGHT,7,23,28,36.37,571.75,MED,9,1,1,UP,3,1,1,DOWN,3,1,1
12:43:34,RIGHT,9,22,28.01,36.36,572.25,MED,9,0,1,UP,3,1,1,DOWN,3,1,1
12:44:04,RIGHT,9,29,28,36.37,571.75,MED,9,1,1,UP,3,1,1,DOWN,3,1,1
12:44:34,RIGHT,9,26,28,36.37,571.75,MED,9,0,1,UP,3,1,1,DOWN,3,1,1
12:45:04,RIGHT,9,25,28,36.37,572,MED,9,1,1,UP,3,1,1,DOWN,3,1,1
12:45:34,RIGHT,9,24,28.01,36.36,572,MED,9,0,1,UP,3,1,1,DOWN,3,1,1
12:46:04,RIGHT,8,26,28,36.37,571.5,MED,9,0,1,UP,3,1,1,DOWN,3,1,1
12:46:34,RIGHT,7,27,28.01,36.36,571.5,MED,9,0,1,UP,3,1,1,DOWN,3,1,1
12:47:04,RIGHT,8,24,28,36.38,571.75,MED,9,1,1,UP,3,1,1,DOWN,3,1,1
12:47:34,RIGHT,8,24,28.01,36.37,571.75,MED,9,1,1,UP,3,1,1,DOWN,3,1,1
12:48:04,RIGHT,10,24,28.01,36.37,571.75,MED,9,1,1,UP,3,1,1,DOWN,3,1,1
12:48:34,RIGHT,8,27,28,36.37,571.75,MED,9,1,1,UP,3,1,1,DOWN,3,1,1
12:49:04,RIGHT,9,23,28.02,36.36,571.75,MED,9,1,1,UP,3,1,1,DOWN,3,1,1
12:49:34,RIGHT,10,25,28.01,36.36,572,MED,9,0,1,UP,3,1,1,DOWN,3,1,1
12:50:04,RIGHT,9,28,28.01,36.37,572,MED,9,0,1,UP,3,1,1,DOWN,3,1,1
12:50:34,RIGHT,10,26,28.02,36.35,572,MED,9,1,1,UP,3,1,1,DOWN,3,1,1
12:51:04,RIGHT,10,24,28.03,36.33,572,MED,9,1,1,UP,3,1,1,DOWN,3,1,1
12:51:34,RIGHT,9,24,28.02,36.34,572,MED,9,1,1,UP,3,1,1,DOWN,3,1,1
12:52:04,RIGHT,9,24,28.02,36.35,571.75,MED,9,1,1,UP,3,1,1,DOWN,3,1,1
12:52:34,RIGHT,7,26,28.03,36.34,572,MED,9,1,1,UP,3,1,1,DOWN,3,1,1
12:53:04,RIGHT,9,24,28.02,36.33,572,MED,9,0,1,UP,3,1,1,DOWN,3,1,1
12:53:34,RIGHT,8,23,28.02,36.33,572,MED,9,0,1,UP,3,1,1,DOWN,3,1,1
12:54:04,RIGHT,10,23,28.03,36.34,571.75,MED,9,0,1,UP,3,1,1,DOWN,3,1,1
12:54:34,RIGHT,7,28,28.03,36.35,572,MED,9,0,1,UP,3,1,1,DOWN,3,1,1
12:55:04,RIGHT,9,25,28.37,35.62,571.75,MED,9,0,1,UP,3,1,1,DOWN,3,1,1
12:55:34,RIGHT,7,26,28.37,35.59,571.5,MED,9,1,1,UP,3,1,1,DOWN,3,1,1
12:56:04,RIGHT,7,28,28.36,35.62,571.5,MED,9,0,1,UP,3,1,1,DOWN,3,1,1
12:56:34,RIGHT,8,25,28.37,35.62,572,MED,9,1,1,UP,3,1,1,DOWN,3,1,1
12:57:04,RIGHT,10,24,28.37,35.61,571.5,MED,9,0,1,UP,3,1,1,DOWN,3,1,1
12:57:34,RIGHT,8,24,28.37,35.61,571.75,MED,9,0,1,UP,3,1,1,DOWN,3,1,1
12:58:04,RIGHT,9,25,28.37,35.63,572,MED,9,1,1,UP,3,1,1,DOWN,3,1,1
12:58:34,RIGHT,10,25,28.37,35.64,571.75,MED,9,1,1,UP,3,1,1,DOWN,3,1,1
12:59:04,RIGHT,8,26,28.37,35.65,571.75,MED,9,1,1,UP,3,1,1,DOWN,3,1,1
12:59:34,RIGHT,8,23,28.37,35.64,572,MED,9,1,1,UP,3,1,1,DOWN,3,1,1
13:00:04,RIGHT,9,25,28.38,35.65,571.75,MED,9,1,1,UP,3,1,1,DOWN,3,1,1
13:00:34,RIGHT,8,25,28.37,35.64,571.75,MED,9,0,1,UP,3,1,1,DOWN,3,1,1
13:01:04,RIGHT,8,26,28.38,35.63,571.75,MED,9,1,1,UP,3,1,1,DOWN,3,1,1
13:01:34,RIGHT,9,24,28.38,35.64,572.25,MED,9,1,1,UP,3,1,1,DOWN,3,1,1
13:02:04,RIGHT,8,26,28.38,35.64,572,MED,9,0,1,UP,3,1,1,DOWN,3,1,1
13:02:34,RIGHT,10,25,28.37,35.64,571.75,MED,9,1,1,UP,3,1,1,DOWN,3,1,1
13:03:04,RIGHT,7,27,28.37,35.63,571.75,MED,9,0,1,UP,3,1,1,DOWN,3,1,1
13:03:34,RIGHT,10,23,28.94,33.67,569.5,MED,9,1,1,UP,3,1,1,DOWN,3,1,1
13:04:04,RIGHT,10,26,28.94,33.65,569.75,MED,9,0,1,UP,3,1,1,DOWN,3,1,1
13:04:34,RIGHT,8,26,28.93,33.65,569.5,MED,9,1,1,UP,3,1,1,DOWN,3,1,1
13:05:04,RIGHT,9,28,28.94,33.67,569.5,MED,9,1,1,UP,3,1,1,DOWN,3,1,1
13:05:34,RIGHT,8,27,28.94,33.67,569.5,MED,9,0,1,UP,3,1,1,DOWN,3,1,1
13:06:04,RIGHT,8,26,28.95,33.67,569.75,MED,9,1,1,UP,3,1,1,DOWN,3,1,1
13:06:34,RIGHT,7,27,28.95,33.68,569.75,MED,9,0,1,UP,3,1,1,DOWN,3,1,1
13:07:04,RIGHT,8,26,28.95,33.68,569.5,MED,9,1,1,UP,3,1,1,DOWN,3,1,1
13:07:34,RIGHT,10,26,28.95,33.66,569.75,MED,9,0,1,UP,3,1,1,DOWN,3,1,1
13:08:04,RIGHT,9,22,28.97,33.66,569.75,MED,9,1,1,UP,3,1,1,DOWN,3,1,1
13:08:34,RIGHT,10,26,28.96,33.67,569.75,MED,9,0,1,UP,3,1,1,DOWN,3,1,1
13:09:04,RIGHT,8,29,28.95,33.68,569.5,MED,9,1,1,UP,3,1,1,DOWN,3,1,1
13:09:34,RIGHT,7,25,28.96,33.67,569.5,MED,9,0,1,UP,3,1,1,DOWN,3,1,1
13:10:04,RIGHT,10,25,28.96,33.67,569.5,MED,9,0,1,UP,3,1,1,DOWN,3,1,1
13:10:34,LEFT,8,25,28.96,33.67,569.5,MED,9,1,1,UP,3,1,1,DOWN,3,1,1
13:11:04,LEFT,7,28,28.97,33.69,569.25,MED,9,1,1,UP,3,1,1,DOWN,3,1,1
13:11:34,LEFT,8,24,28.96,33.68,569.5,MED,9,1,1,UP,3,1,1,DOWN,3,1,1
13:12:04,LEFT,10,27,28.97,33.68,569.75,MED,9,0,1,UP,3,1,1,DOWN,3,1,1
13:12:34,LEFT,7,23,28.69,33.68,569.25,MED,9,1,1,UP,3,1,1,DOWN,3,1,1
13:13:04,LEFT,8,26,28.97,33.67,569.75,MED,9,1,1,UP,3,1,1,DOWN,3,1,1
13:13:34,LEFT,9,26,28.94,33.74,569.75,MED,9,0,1,UP,3,1,1,DOWN,3,1,1
13:14:04,LEFT,7,26,28.89,33.72,569.75,MED,9,1,1,UP,3,1,1,DOWN,3,1,1
13:14:34,LEFT,9,26,28.94,33.74,569.5,MED,9,1,1,UP,3,1,1,DOWN,3,1,1
13:15:04,LEFT,10,24,28.94,33.73,569.75,MED,9,1,1,UP,3,1,1,DOWN,3,1,1
13:15:34,LEFT,9,25,28.95,33.72,569.75,MED,9,0,1,UP,3,1,1,DOWN,3,1,1
13:16:04,LEFT,8,25,28.95,33.73,569.5,MED,9,1,1,UP,3,1,1,DOWN,3,1,1
13:16:34,LEFT,8,24,28.95,33.73,569.5,MED,9,1,1,UP,3,1,1,UP,4,1,1
13:17:04,LEFT,10,24,28.96,33.73,569.5,MED,9,1,1,UP,3,1,1,UP,4,1,1
13:17:34,LEFT,9,24,28.95,33.73,569.75,MED,9,1,1,UP,3,1,1,UP,4,1,1
13:18:04,LEFT,10,28,28.95,33.74,569.75,MED,9,1,1,UP,3,1,1,UP,4,1,1
13:18:34,LEFT,9,24,28.94,33.73,569.5,MED,9,1,1,UP,3,1,1,UP,4,1,1
13:19:04,LEFT,7,24,28.95,33.71,569.5,MED,9,1,1,UP,3,1,1,UP,4,1,1
13:19:34,LEFT,10,24,28.95,33.74,569.75,MED,9,0,1,UP,3,1,1,UP,4,1,1
13:20:04,LEFT,10,24,28.95,33.73,569.5,MED,9,1,1,UP,3,1,1,UP,4,1,1
13:20:34,LEFT,10,25,28.95,33.73,569.5,MED,9,1,1,UP,3,1,1,UP,4,1,1
13:21:04,LEFT,7,23,28.95,33.71,569.5,MED,9,0,1,UP,3,1,1,UP,4,1,1
13:21:34,LEFT,8,26,28.95,33.72,569.5,MED,9,1,1,UP,3,1,1,UP,4,1,1
13:22:04,LEFT,7,27,28.67,33.73,569.5,MED,9,0,1,UP,3,1,1,UP,4,1,1
13:22:34,LEFT,8,27,28.94,33.7,569.75,MED,9,1,1,UP,3,1,1,UP,4,1,1
13:23:04,LEFT,9,26,28.95,33.72,570,MED,9,0,1,UP,3,1,1,UP,4,1,1
13:23:34,LEFT,8,25,28.96,33.72,569.75,MED,9,0,1,UP,3,1,1,UP,4,1,1
13:24:04,LEFT,10,28,28.9,33.72,569.5,MED,9,1,1,UP,3,1,1,UP,4,1,1
13:24:34,LEFT,8,25,28.96,33.7,570,MED,9,0,1,UP,3,1,1,UP,4,1,1
13:25:04,LEFT,9,25,28.95,33.72,569.75,MED,9,1,1,UP,3,1,1,UP,4,1,1
13:25:34,LEFT,10,29,28.96,33.72,569.5,MED,9,1,1,DOWN,4,1,1,UP,4,1,1
13:26:04,LEFT,8,25,28.88,33.71,570,MED,9,1,1,DOWN,4,1,1,UP,4,1,1
13:26:34,LEFT,8,27,28.96,33.72,569.5,MED,9,1,1,DOWN,4,1,1,UP,4,1,1
13:27:04,LEFT,7,24,28.95,33.72,569.5,MED,9,0,1,DOWN,4,1,1,UP,4,1,1
13:27:34,LEFT,8,25,28.95,33.72,569.75,MED,9,0,1,DOWN,4,1,1,UP,4,1,1
13:28:04,LEFT,9,26,28.95,33.71,569.75,MED,9,1,1,DOWN,4,1,1,UP,4,1,1
13:28:34,LEFT,7,28,28.95,33.71,569.5,MED,9,0,1,DOWN,4,1,1,UP,4,1,1
13:29:04,LEFT,8,27,28.96,33.71,569.5,MED,9,1,1,DOWN,4,1,1,UP,4,1,1
13:29:34,LEFT,10,23,28.67,33.72,569.5,MED,9,0,1,DOWN,4,1,1,UP,4,1,1
13:30:04,LEFT,7,27,28.95,33.72,569.5,MED,9,1,1,DOWN,4,1,1,UP,4,1,1
13:30:34,LEFT,9,26,28.95,33.71,569.25,MED,9,1,1,DOWN,4,1,1,UP,4,1,1
13:31:04,LEFT,7,25,28.95,33.69,569.25,MED,9,1,1,DOWN,4,1,1,UP,4,1,1
13:31:34,LEFT,10,26,28.96,33.7,569.5,MED,9,0,1,DOWN,4,1,1,UP,4,1,1
13:32:04,LEFT,10,25,28.95,33.69,569.75,MED,9,1,1,DOWN,4,1,1,UP,4,1,1
13:32:34,LEFT,10,27,28.95,33.7,570,MED,9,1,1,DOWN,4,1,1,UP,4,1,1
13:33:04,LEFT,10,23,28.95,33.7,569.75,MED,9,1,1,DOWN,4,1,1,UP,4,1,1
13:33:34,LEFT,8,28,28.96,33.7,569.25,MED,9,0,1,DOWN,4,1,1,UP,4,1,1
13:34:04,LEFT,10,28,28.95,33.69,569.5,MED,9,0,1,DOWN,4,1,1,UP,4,1,1
13:34:34,LEFT,9,22,28.95,33.69,569.5,MED,9,0,1,DOWN,4,1,1,UP,4,1,1
13:35:04,LEFT,10,23,28.95,33.69,569.5,MED,9,1,1,DOWN,4,1,1,UP,4,1,1
13:35:34,LEFT,7,27,28.94,33.69,569.5,MED,9,0,1,DOWN,4,1,1,UP,4,1,1
13:36:04,LEFT,8,24,28.96,33.69,569.5,MED,9,0,1,DOWN,4,1,1,UP,4,1,1
13:36:34,LEFT,9,25,28.95,33.68,569.75,MED,9,1,1,DOWN,4,1,1,UP,4,1,1
13:37:04,LEFT,10,28,28.72,33.68,569.25,MED,9,1,1,UP,5,1,1,UP,4,1,1
13:37:34,LEFT,10,25,28.95,33.7,569.75,MED,9,0,1,UP,5,1,1,UP,4,1,1
13:38:04,LEFT,8,26,28.95,33.69,569.75,MED,9,0,1,UP,5,1,1,UP,4,1,1
13:38:34,LEFT,9,29,28.93,33.7,569.25,MED,9,1,1,UP,5,1,1,UP,4,1,1
13:39:04,LEFT,7,25,28.94,33.69,569.75,MED,9,0,1,UP,5,1,1,UP,4,1,1
13:39:34,LEFT,10,23,28.93,33.68,569.5,MED,9,1,1,UP,5,1,1,UP,4,1,1
13:40:04,LEFT,8,26,28.94,33.69,569.5,HIGH,9,0,1,UP,5,1,1,UP,4,1,1
13:40:34,LEFT,10,28,28.94,33.67,569.75,HIGH,9,0,1,UP,5,1,1,UP,4,1,1
13:41:04,LEFT,10,28,28.89,33.69,569.5,HIGH,9,0,1,UP,5,1,1,UP,4,1,1
13:41:34,LEFT,7,22,28.94,33.69,569.5,HIGH,9,1,1,UP,5,1,1,UP,4,1,1
13:42:04,LEFT,8,25,28.51,33.7,569.5,HIGH,9,1,1,UP,5,1,1,UP,4,1,1
13:42:34,LEFT,7,27,28.94,33.68,569.75,HIGH,9,0,1,UP,5,1,1,UP,4,1,1
13:43:04,LEFT,10,25,28.94,33.69,569.5,HIGH,9,0,1,UP,5,1,1,UP,4,1,1
13:43:34,LEFT,10,24,28.93,33.67,569.5,HIGH,9,1,1,UP,5,1,1,UP,4,1,1
13:44:04,LEFT,10,24,28.94,33.68,569.5,HIGH,9,1,1,UP,5,1,1,UP,4,1,1
13:44:34,LEFT,9,24,28.95,33.68,569.75,HIGH,9,1,1,UP,5,1,1,UP,4,1,1
13:45:04,LEFT,8,27,28.95,33.7,569.25,HIGH,9,0,1,UP,5,1,1,UP,4,1,1
13:45:34,LEFT,7,29,28.94,33.69,569.75,HIGH,9,0,1,UP,5,1,1,UP,4,1,1
13:46:04,LEFT,8,27,28.94,33.69,569.5,HIGH,9,0,1,UP,5,1,1,UP,4,1,1
13:46:34,LEFT,7,25,28.86,33.7,569.25,HIGH,9,0,1,UP,5,1,1,UP,4,1,1
13:47:04,LEFT,7,4,28.85,33.7,569.5,HIGH,9,1,1,UP,5,1,1,UP,4,1,1
13:47:34,LEFT,8,4,28.95,33.7,569.75,HIGH,9,0,1,UP,5,1,1,UP,4,1,1
13:48:04,LEFT,10,4,28.94,33.71,569.5,HIGH,9,0,1,UP,5,1,1,UP,4,1,1
13:48:34,LEFT,9,5,28.95,33.71,569.5,HIGH,9,1,1,UP,5,1,1,UP,4,1,1
13:49:04,LEFT,10,4,28.95,33.71,569.75,HIGH,9,0,1,UP,5,1,1,UP,4,1,1
13:49:34,LEFT,7,6,28.95,33.72,569.75,HIGH,9,0,1,UP,5,1,1,UP,4,1,1
13:50:04,LEFT,8,4,28.88,33.71,569.75,HIGH,9,0,1,UP,5,1,1,UP,4,1,1
13:50:34,LEFT,20,6,28.95,33.73,569.5,HIGH,9,1,1,UP,5,1,1,UP,4,1,1
13:51:04,LEFT,21,4,28.95,33.73,569.25,HIGH,9,1,1,UP,5,1,1,UP,4,1,1
13:51:34,LEFT,19,4,28.95,33.72,569.5,HIGH,9,1,1,UP,5,1,1,UP,4,1,1
13:52:04,LEFT,23,4,28.89,33.72,569.75,HIGH,9,1,1,UP,5,1,1,UP,4,1,1
13:52:34,LEFT,23,4,28.96,33.72,569.5,HIGH,9,0,1,UP,5,1,1,UP,4,1,1
13:53:04,LEFT,21,5,28.95,33.73,569.5,HIGH,9,0,1,UP,5,1,1,UP,4,1,1
13:53:34,LEFT,23,5,28.92,33.72,569.25,HIGH,9,0,1,UP,5,1,1,UP,4,1,1
13:54:04,LEFT,22,5,28.97,33.73,569.5,HIGH,9,0,1,UP,5,1,1,UP,4,1,1
13:54:34,LEFT,22,6,28.96,33.72,569.5,HIGH,9,1,1,UP,5,1,1,UP,4,1,1
13:55:04,LEFT,22,5,28.59,33.72,569.75,HIGH,9,1,1,UP,5,1,1,UP,4,1,1
13:55:34,LEFT,20,4,28.94,33.71,569.25,HIGH,9,1,1,UP,5,1,1,UP,4,1,1
13:56:04,LEFT,19,5,28.97,33.73,569.75,MED,9,0,1,UP,5,1,1,UP,4,1,1
13:56:34,LEFT,25,6,28.96,33.73,569.75,MED,9,1,1,UP,5,1,1,UP,4,1,1
13:57:04,LEFT,23,5,28.97,33.74,569.5,MED,9,0,1,UP,5,1,1,UP,4,1,1
13:57:34,LEFT,20,5,28.96,33.73,569.75,MED,9,0,1,UP,5,1,1,UP,4,1,1
13:58:04,LEFT,20,6,28.96,33.73,569.75,MED,9,1,1,UP,5,1,1,UP,4,1,1
13:58:34,LEFT,20,5,28.95,33.76,569.5,MED,9,1,1,UP,5,1,1,UP,4,1,1
13:59:04,LEFT,21,4,28.9,33.74,569.75,MED,9,0,1,UP,5,1,1,DOWN,5,1,1
13:59:34,LEFT,22,6,28.95,33.74,569.75,MED,9,0,1,UP,5,1,1,DOWN,5,1,1
14:00:04,LEFT,23,6,28.96,33.74,569.25,MED,9,1,1,UP,5,1,1,DOWN,5,1,1
14:00:34,LEFT,19,4,28.95,33.75,569.5,MED,9,0,1,UP,5,1,1,DOWN,5,1,1
14:01:04,LEFT,22,4,28.97,33.75,569.5,MED,9,0,1,UP,5,1,1,DOWN,5,1,1
14:01:34,LEFT,24,5,28.95,33.74,569.5,MED,9,1,1,UP,5,1,1,DOWN,5,1,1
14:02:04,LEFT,20,4,28.95,33.75,569.75,MED,9,0,1,UP,5,1,1,DOWN,5,1,1
14:02:34,LEFT,22,5,28.95,33.74,569.5,LOW,9,1,1,UP,5,1,1,DOWN,5,1,1
14:03:04,LEFT,22,5,28.88,33.75,569.25,LOW,9,1,1,UP,5,1,1,DOWN,5,1,1
14:03:34,LEFT,24,6,28.95,33.73,569.5,LOW,9,0,1,UP,5,1,1,DOWN,5,1,1
14:04:04,LEFT,24,4,28.95,33.75,569.75,LOW,9,1,1,UP,5,1,1,DOWN,5,1,1
14:04:34,LEFT,22,4,28.95,33.75,569.5,LOW,9,1,1,UP,5,1,1,DOWN,5,1,1
14:05:04,LEFT,21,6,28.94,33.77,569.25,LOW,9,1,1,UP,5,1,1,DOWN,5,1,1
14:05:34,LEFT,20,5,28.94,33.75,569.5,LOW,9,0,1,UP,5,1,1,DOWN,5,1,1
14:06:04,LEFT,25,4,28.95,33.76,569.5,LOW,9,1,1,UP,5,1,1,DOWN,5,1,1
14:06:34,LEFT,21,4,28.95,33.77,569.5,LOW,9,1,1,UP,5,1,1,DOWN,5,1,1
14:07:04,LEFT,21,4,28.94,33.77,569.75,LOW,9,0,1,UP,5,1,1,DOWN,5,1,1
14:07:34,LEFT,20,5,28.95,33.76,569.75,LOW,9,0,1,UP,5,1,1,DOWN,5,1,1
14:08:04,LEFT,21,4,28.96,33.78,569.5,LOW,9,1,1,UP,5,1,1,DOWN,5,1,1
14:08:34,LEFT,21,5,28.97,33.8,569.75,LOW,9,0,1,UP,5,1,1,DOWN,5,1,1
14:09:04,LEFT,23,4,28.92,33.78,569.75,LOW,9,0,1,UP,5,1,1,DOWN,5,1,1
14:09:34,LEFT,22,4,28.89,33.79,569.75,LOW,9,1,1,UP,5,1,1,DOWN,5,1,1
14:10:04,LEFT,23,6,28.97,33.81,569.75,LOW,9,1,1,DOWN,6,1,1,DOWN,5,1,1
14:10:34,LEFT,23,6,28.97,33.8,569.25,LOW,9,1,1,DOWN,6,1,1,DOWN,5,1,1
14:11:04,LEFT,21,6,28.97,33.8,569.75,LOW,9,0,1,DOWN,6,1,1,DOWN,5,1,1
14:11:34,LEFT,18,6,28.98,33.8,569.5,LOW,9,0,1,DOWN,6,1,1,DOWN,5,1,1
14:12:04,LEFT,21,5,28.98,33.8,569.5,LOW,9,1,1,DOWN,6,1,1,DOWN,5,1,1
14:12:34,LEFT,21,6,28.97,33.78,569.75,LOW,9,1,1,DOWN,6,1,1,DOWN,5,1,1
14:13:04,LEFT,25,6,28.97,33.78,569.25,LOW,9,0,1,DOWN,6,1,1,DOWN,5,1,1
14:13:34,LEFT,23,6,28.98,33.79,569.5,LOW,9,0,1,DOWN,6,1,1,DOWN,5,1,1
14:14:04,LEFT,21,6,28.98,33.77,569.5,LOW,9,0,1,DOWN,6,1,1,DOWN,5,1,1
14:14:34,LEFT,24,5,28.98,33.78,569.25,LOW,9,1,1,DOWN,6,1,1,DOWN,5,1,1
14:15:04,LEFT,22,4,28.98,33.77,569.5,LOW,9,0,1,DOWN,6,1,1,DOWN,5,1,1
14:15:34,LEFT,23,4,28.98,33.78,569.5,LOW,9,0,1,DOWN,6,1,1,DOWN,5,1,1
14:16:04,LEFT,22,5,28.98,33.77,569.25,LOW,9,0,1,DOWN,6,1,1,DOWN,5,1,1
14:16:34,LEFT,22,5,28.98,33.77,569.25,LOW,9,0,1,DOWN,6,1,1,DOWN,5,1,1
14:17:04,LEFT,21,6,28.98,33.77,569.5,LOW,9,1,1,DOWN,6,1,1,DOWN,5,1,1
14:17:34,RIGHT,23,4,28.98,33.77,569.5,LOW,9,0,1,DOWN,6,1,1,DOWN,5,1,1
14:18:04,RIGHT,20,6,28.99,33.77,569.5,LOW,9,0,1,DOWN,6,1,1,DOWN,5,1,1
14:18:34,RIGHT,24,5,28.99,33.75,569.5,LOW,9,0,1,DOWN,6,1,1,DOWN,5,1,1
14:19:04,RIGHT,23,6,29,33.77,569.5,LOW,9,0,1,DOWN,6,1,1,DOWN,5,1,1
14:19:34,RIGHT,21,6,28.95,33.75,569.75,LOW,9,0,1,DOWN,6,1,1,DOWN,5,1,1
14:20:04,RIGHT,23,6,29,33.76,569.75,LOW,9,1,1,DOWN,6,1,1,DOWN,5,1,1
14:20:34,RIGHT,21,5,29,33.75,569.75,LOW,9,1,1,DOWN,6,1,1,DOWN,5,1,1
14:21:04,RIGHT,21,5,28.91,33.74,569.5,LOW,9,1,1,DOWN,6,1,1,DOWN,5,1,1
14:21:34,RIGHT,21,5,29,33.73,569.5,LOW,9,0,1,DOWN,6,1,1,DOWN,5,1,1
14:22:04,RIGHT,20,5,28.99,33.76,569.5,LOW,9,0,1,DOWN,6,1,1,DOWN,5,1,1
14:22:34,RIGHT,22,5,28.98,33.73,569.75,LOW,9,0,1,DOWN,6,1,1,DOWN,5,1,1
14:23:04,RIGHT,19,4,28.98,33.73,569.5,LOW,9,0,1,DOWN,6,1,1,DOWN,5,1,1
14:23:34,RIGHT,22,5,28.98,33.72,569.5,LOW,9,0,1,DOWN,6,1,1,DOWN,5,1,1
14:24:04,RIGHT,23,5,28.98,33.73,569.25,LOW,9,1,1,DOWN,6,1,1,DOWN,5,1,1
14:24:34,RIGHT,23,5,28.98,33.73,569.5,LOW,9,1,1,DOWN,6,1,1,DOWN,5,1,1
14:25:04,RIGHT,19,4,28.99,33.73,569.5,LOW,9,0,1,DOWN,6,1,1,DOWN,5,1,1
14:25:34,RIGHT,21,6,28.94,33.72,569.75,LOW,9,1,1,DOWN,6,1,1,DOWN,5,1,1
14:26:04,RIGHT,21,6,28.99,33.71,569.75,LOW,9,0,1,DOWN,6,1,1,DOWN,5,1,1
14:26:34,RIGHT,22,5,28.99,33.71,569.5,LOW,9,1,1,DOWN,6,1,1,DOWN,5,1,1
14:27:04,RIGHT,20,4,28.99,33.71,569.5,LOW,9,1,1,DOWN,6,1,1,DOWN,5,1,1
14:27:34,RIGHT,23,5,29,33.72,569.25,LOW,9,1,1,DOWN,6,1,1,DOWN,5,1,1
14:28:04,RIGHT,22,4,28.99,33.71,569.25,LOW,9,1,1,DOWN,6,1,1,DOWN,5,1,1
14:28:34,RIGHT,18,6,29,33.72,569.75,LOW,9,1,1,DOWN,6,1,1,DOWN,5,1,1
14:29:04,RIGHT,23,5,29,33.72,569.5,LOW,9,0,1,DOWN,6,1,1,DOWN,5,1,1
14:29:34,RIGHT,21,6,28.99,33.7,569.25,LOW,9,1,1,DOWN,6,1,1,DOWN,5,1,1
14:30:04,RIGHT,22,6,29.01,33.69,569.5,LOW,9,1,1,DOWN,6,1,1,DOWN,5,1,1
14:30:34,RIGHT,19,6,29.01,33.69,569.5,LOW,9,0,1,DOWN,6,1,1,DOWN,5,1,1
14:31:04,RIGHT,20,4,29.01,33.72,569.75,LOW,9,1,1,DOWN,6,1,1,DOWN,5,1,1
14:31:34,RIGHT,23,5,29,33.71,569.5,LOW,9,1,1,DOWN,6,1,1,DOWN,5,1,1
14:32:04,RIGHT,20,6,29,33.72,569.75,LOW,9,1,1,DOWN,6,1,1,DOWN,5,1,1
14:32:34,RIGHT,18,5,29.01,33.72,569.75,LOW,9,0,1,DOWN,6,1,1,DOWN,5,1,1
14:33:04,RIGHT,24,5,29.01,33.72,569.75,LOW,9,1,1,DOWN,6,1,1,DOWN,5,1,1
14:33:34,RIGHT,19,6,29,33.71,569.75,LOW,9,1,1,DOWN,6,1,1,DOWN,5,1,1
14:34:04,RIGHT,25,4,29.01,33.72,569.75,LOW,9,1,1,DOWN,6,1,1,DOWN,5,1,1
14:34:34,RIGHT,19,5,28.94,33.71,569.5,LOW,9,1,1,DOWN,6,1,1,DOWN,5,1,1
14:35:04,RIGHT,24,6,29.01,33.71,569.5,LOW,9,1,1,DOWN,6,1,1,DOWN,5,1,1
14:35:34,RIGHT,19,4,29.01,33.72,569.25,LOW,9,0,1,DOWN,6,1,1,DOWN,5,1,1
14:36:04,RIGHT,23,4,29.01,33.71,569.5,LOW,9,1,1,DOWN,6,1,1,DOWN,5,1,1
14:36:34,RIGHT,20,6,29.02,33.71,569.5,LOW,9,0,1,DOWN,6,1,1,DOWN,5,1,1
14:37:04,RIGHT,21,4,29.02,33.72,569.5,LOW,9,1,1,DOWN,6,1,1,DOWN,5,1,1
14:37:34,RIGHT,23,6,29.01,33.72,569.75,LOW,9,1,1,DOWN,6,1,1,DOWN,5,1,1
14:38:04,RIGHT,24,6,29.01,33.71,569.75,LOW,9,0,1,DOWN,6,1,1,DOWN,5,1,1
14:38:34,RIGHT,19,4,29.02,33.72,569.75,LOW,9,1,1,DOWN,6,1,1,DOWN,5,1,1
14:39:04,RIGHT,22,6,29.02,33.73,569.5,LOW,9,1,1,DOWN,6,1,1,DOWN,5,1,1
14:39:34,RIGHT,19,6,29.03,33.71,569.25,LOW,9,1,1,DOWN,6,1,1,DOWN,5,1,1
14:40:04,RIGHT,23,4,29.02,33.72,569.75,LOW,9,1,1,DOWN,6,1,1,DOWN,5,1,1
14:40:34,RIGHT,20,6,29.02,33.71,569.5,LOW,9,1,1,DOWN,6,1,1,DOWN,5,1,1
14:41:04,RIGHT,21,5,29.02,33.72,569.75,LOW,9,1,1,DOWN,6,1,1,DOWN,5,1,1
14:41:34,RIGHT,21,5,29.03,33.73,569.25,LOW,9,1,1,DOWN,6,1,1,DOWN,5,1,1
14:42:04,RIGHT,19,4,29.02,33.71,569.75,LOW,9,1,1,DOWN,6,1,1,DOWN,5,1,1
14:42:34,RIGHT,21,4,29.02,33.71,569.5,LOW,9,0,1,DOWN,6,1,1,DOWN,5,1,1
14:43:04,RIGHT,19,4,29.03,33.7,569.75,LOW,9,0,1,DOWN,6,1,1,DOWN,5,1,1
14:43:34,RIGHT,24,4,29.02,33.72,569.75,LOW,9,1,1,DOWN,6,1,1,DOWN,5,1,1
14:44:04,RIGHT,23,6,29,33.72,570,LOW,9,1,1,DOWN,6,1,1,DOWN,5,1,1
14:44:34,RIGHT,25,6,29.02,33.73,569.5,LOW,9,0,1,DOWN,6,1,1,DOWN,5,1,1
14:45:04,RIGHT,23,5,29.01,33.71,569.5,LOW,9,1,1,DOWN,6,1,1,DOWN,5,1,1
14:45:34,RIGHT,18,5,29.02,33.72,569.75,LOW,9,1,1,DOWN,6,1,1,DOWN,5,1,1
14:46:04,RIGHT,23,6,29.02,33.7,569.5,LOW,9,1,1,DOWN,6,1,1,DOWN,5,1,1
14:46:34,RIGHT,23,5,28.77,33.72,569.75,LOW,9,1,1,DOWN,6,1,1,DOWN,5,1,1
14:47:04,RIGHT,21,4,29.04,33.71,569.5,LOW,9,0,1,DOWN,6,1,1,DOWN,5,1,1
14:47:34,RIGHT,23,5,29.05,33.72,569.5,LOW,9,1,1,DOWN,6,1,1,DOWN,5,1,1
14:48:04,RIGHT,20,6,29.04,33.72,569.5,LOW,9,0,1,DOWN,6,1,1,DOWN,5,1,1
14:48:34,RIGHT,21,6,29.05,33.73,569.5,LOW,9,1,1,DOWN,6,1,1,DOWN,5,1,1
14:49:04,RIGHT,20,6,29.06,33.72,569.75,LOW,9,0,1,DOWN,6,1,1,DOWN,5,1,1
14:49:34,RIGHT,21,5,28.97,33.73,569.75,LOW,9,1,1,DOWN,6,1,1,DOWN,5,1,1
14:50:04,RIGHT,20,6,29.06,33.73,569.75,LOW,9,0,1,DOWN,6,1,1,DOWN,5,1,1
14:50:34,RIGHT,24,4,29.05,33.77,569.5,LOW,9,1,1,DOWN,6,1,1,DOWN,5,1,1
14:51:04,RIGHT,22,4,29.07,33.74,569.75,LOW,9,0,1,DOWN,6,1,1,DOWN,5,1,1
14:51:34,RIGHT,23,5,28.77,33.73,569.5,LOW,9,0,1,UP,7,1,1,DOWN,5,1,1
14:52:04,RIGHT,21,4,29.05,33.74,569.5,LOW,9,1,1,UP,7,1,1,DOWN,5,1,1
14:52:34,RIGHT,23,4,29.06,33.73,569.5,LOW,9,0,1,UP,7,1,1,DOWN,5,1,1
14:53:04,RIGHT,23,4,29.06,33.74,569.75,LOW,9,0,1,UP,7,1,1,DOWN,5,1,1
14:53:34,RIGHT,24,5,29.06,33.75,569.5,LOW,9,1,1,UP,7,1,1,DOWN,5,1,1
14:54:04,RIGHT,19,4,29.05,33.75,569.75,LOW,9,0,1,UP,7,1,1,DOWN,5,1,1
14:54:34,RIGHT,22,5,29.04,33.74,569.5,LOW,9,0,1,UP,7,1,1,DOWN,5,1,1
14:55:04,RIGHT,24,4,29.05,33.76,569.5,LOW,9,0,1,UP,7,1,1,DOWN,5,1,1
14:55:34,RIGHT,23,5,29.04,33.75,569.75,LOW,9,1,1,UP,7,1,1,DOWN,5,1,1
14:56:04,RIGHT,19,4,29.05,33.76,569.75,LOW,9,1,1,UP,7,1,1,UP,6,1,1
14:56:34,RIGHT,22,4,29.05,33.75,569.5,LOW,9,1,1,UP,7,1,1,UP,6,1,1
14:57:04,RIGHT,19,6,29.05,33.74,569.5,LOW,9,1,1,UP,7,1,1,UP,6,1,1
14:57:34,RIGHT,23,6,29.05,33.77,570,LOW,9,1,1,UP,7,1,1,UP,6,1,1
14:58:04,RIGHT,23,6,29.01,33.77,569.5,LOW,9,0,1,UP,7,1,1,UP,6,1,1
14:58:34,RIGHT,21,6,29.05,33.78,570,LOW,9,1,1,UP,7,1,1,UP,6,1,1
14:59:04,RIGHT,25,6,29.04,33.77,569.75,LOW,9,0,1,UP,7,1,1,UP,6,1,1
14:59:34,RIGHT,21,6,29.06,33.77,569.5,LOW,9,0,1,UP,7,1,1,UP,6,1,1
15:00:04,RIGHT,20,4,29.05,33.77,569.75,LOW,9,0,1,UP,7,1,1,UP,6,1,1
15:00:34,RIGHT,21,6,29.05,33.78,569.75,LOW,9,0,1,UP,7,1,1,UP,6,1,1
15:01:04,RIGHT,23,5,29.04,33.76,569.5,LOW,9,1,1,UP,7,1,1,UP,6,1,1
15:01:34,RIGHT,23,5,29.04,33.77,569.75,LOW,9,0,1,UP,7,1,1,UP,6,1,1
15:02:04,RIGHT,24,5,29.04,33.77,569.75,LOW,9,1,1,UP,7,1,1,UP,6,1,1
15:02:34,RIGHT,22,5,28.99,33.78,569.5,LOW,9,1,1,UP,7,1,1,UP,6,1,1
15:03:04,RIGHT,19,5,28.96,33.77,569.75,LOW,9,0,1,UP,7,1,1,UP,6,1,1
15:03:34,RIGHT,23,5,29.03,33.79,569.75,LOW,9,0,1,UP,7,1,1,UP,6,1,1
15:04:04,RIGHT,25,5,28.96,33.79,569.5,LOW,9,0,1,UP,7,1,1,UP,6,1,1
15:04:34,RIGHT,20,4,29.02,33.79,569.75,LOW,9,1,1,UP,7,1,1,UP,6,1,1
15:05:04,RIGHT,21,6,29.04,33.8,569.75,LOW,9,0,1,UP,7,1,1,UP,6,1,1
15:05:34,RIGHT,18,6,29.04,33.8,569.25,LOW,9,0,1,UP,7,1,1,UP,6,1,1
15:06:04,RIGHT,23,4,28.74,33.8,569.75,LOW,9,0,1,UP,7,1,1,UP,6,1,1
15:06:34,RIGHT,21,5,29.05,33.83,569.75,LOW,9,1,1,UP,7,1,1,UP,6,1,1
15:07:04,RIGHT,22,5,29.05,33.83,569.25,LOW,9,0,1,UP,7,1,1,UP,6,1,1
15:07:34,RIGHT,20,6,29.06,33.83,570,LOW,9,0,1,UP,7,1,1,UP,6,1,1
15:08:04,RIGHT,19,5,29.05,33.84,569.75,LOW,9,1,1,UP,7,1,1,UP,6,1,1
15:08:34,RIGHT,19,5,29.02,33.86,569.5,LOW,9,0,1,UP,7,1,1,UP,6,1,1
15:09:04,RIGHT,22,4,29.06,33.85,569.75,LOW,9,1,1,UP,7,1,1,UP,6,1,1
15:09:34,RIGHT,25,5,29.06,33.84,569.5,LOW,9,0,1,UP,7,1,1,UP,6,1,1
15:10:04,RIGHT,21,5,29.07,33.85,569.5,LOW,9,0,1,UP,7,1,1,UP,6,1,1
15:10:34,RIGHT,22,5,29.07,33.87,569.5,LOW,9,1,1,UP,7,1,1,UP,6,1,1
15:11:04,RIGHT,20,6,29.07,33.86,569.5,LOW,9,0,1,UP,7,1,1,UP,6,1,1
15:11:34,RIGHT,22,5,29.08,33.86,569.75,LOW,9,1,1,UP,7,1,1,UP,6,1,1
15:12:04,RIGHT,24,6,29.07,33.88,570,LOW,9,1,1,UP,7,1,1,UP,6,1,1
15:12:34,RIGHT,20,6,29.07,33.88,569.5,LOW,9,1,1,UP,7,1,1,UP,6,1,1
15:13:04,RIGHT,22,4,29.08,33.88,569.75,LOW,9,0,1,UP,7,1,1,UP,6,1,1
15:13:34,RIGHT,21,4,29.08,33.89,569.75,LOW,9,1,1,UP,7,1,1,UP,6,1,1
15:14:04,RIGHT,22,5,29.08,33.9,569.75,LOW,9,1,1,UP,7,1,1,UP,6,1,1
15:14:34,RIGHT,21,5,29.09,33.89,569.75,LOW,9,1,1,UP,7,1,1,UP,6,1,1
15:15:04,LEFT,18,4,29.09,33.9,569.5,LOW,9,1,1,UP,7,1,1,UP,6,1,1
15:15:34,LEFT,21,6,29.09,33.91,569.75,LOW,9,0,1,UP,7,1,1,UP,6,1,1
15:16:04,LEFT,22,6,29.09,33.89,569.75,LOW,9,0,1,UP,7,1,1,UP,6,1,1
15:16:34,LEFT,21,5,29.09,33.9,569.5,LOW,9,1,1,UP,7,1,1,UP,6,1,1
15:17:04,LEFT,20,5,29.09,33.91,570,LOW,9,1,1,UP,7,1,1,UP,6,1,1
15:17:34,LEFT,23,6,29.09,33.91,569.5,LOW,9,0,1,UP,7,1,1,UP,6,1,1
15:18:04,LEFT,18,4,29.09,33.93,569.5,LOW,9,0,1,UP,7,1,1,UP,6,1,1
15:18:34,LEFT,21,5,29.1,33.92,569.75,LOW,9,0,1,UP,7,1,1,UP,6,1,1
15:19:04,LEFT,20,5,29.09,33.9,569.75,LOW,9,0,1,UP,7,1,1,UP,6,1,1
15:19:34,LEFT,22,5,29.09,33.91,569.75,LOW,9,1,1,UP,7,1,1,UP,6,1,1
15:20:04,LEFT,22,4,29.09,33.92,569.75,LOW,9,1,1,UP,7,1,1,UP,6,1,1
15:20:34,LEFT,18,4,29.1,33.92,569.5,LOW,9,0,1,UP,7,1,1,UP,6,1,1
15:21:04,LEFT,24,4,29.1,33.93,569.5,LOW,9,1,1,UP,7,1,1,UP,6,1,1
15:21:34,LEFT,23,4,29.1,33.93,569.75,LOW,9,0,1,UP,7,1,1,UP,6,1,1
15:22:04,LEFT,22,4,29.02,33.93,569.5,LOW,9,1,1,UP,7,1,1,UP,6,1,1
15:22:34,RIGHT,25,4,28.82,33.94,569.5,LOW,9,1,1,UP,7,1,1,UP,6,1,1
15:23:04,RIGHT,24,5,28.9,33.94,569.75,LOW,9,1,1,UP,7,1,1,UP,6,1,1
15:23:34,RIGHT,20,5,29.1,33.94,569.5,LOW,9,0,1,UP,7,1,1,UP,6,1,1
15:24:04,RIGHT,23,4,28.92,33.95,569.75,LOW,9,0,1,UP,7,1,1,UP,6,1,1
15:24:34,RIGHT,19,5,29.11,33.94,569.75,LOW,9,0,1,UP,7,1,1,UP,6,1,1
15:25:04,RIGHT,22,4,28.82,33.94,569.5,LOW,9,0,1,UP,7,1,1,UP,6,1,1
15:25:34,RIGHT,19,4,29.11,33.95,569.75,LOW,9,0,1,UP,7,1,1,UP,6,1,1
15:26:04,RIGHT,21,4,28.82,33.96,570,LOW,9,1,1,UP,7,1,1,UP,6,1,1
15:26:34,RIGHT,21,5,29.11,33.95,569.75,LOW,9,1,1,UP,7,1,1,UP,6,1,1
15:27:04,RIGHT,22,19,29.1,33.96,569.75,LOW,9,0,1,UP,7,1,1,UP,6,1,1
15:27:34,RIGHT,21,14,29.11,33.96,569.75,LOW,9,0,1,UP,7,1,1,UP,6,1,1
15:28:04,RIGHT,21,15,29.13,33.96,569.5,LOW,9,1,1,UP,7,1,1,UP,6,1,1
15:28:34,RIGHT,22,14,29.12,33.96,569.5,LOW,9,1,1,DOWN,8,1,1,UP,6,1,1
15:29:04,RIGHT,25,18,28.68,33.97,569.5,LOW,9,1,1,DOWN,8,1,1,UP,6,1,1
15:29:34,RIGHT,24,18,29.12,33.96,570,LOW,9,1,1,DOWN,8,1,1,UP,6,1,1
15:30:04,RIGHT,18,20,29.12,33.96,570,LOW,9,1,1,DOWN,8,1,1,UP,6,1,1
15:30:34,RIGHT,21,15,29.13,33.96,569.75,LOW,9,0,1,DOWN,8,1,1,UP,6,1,1
15:31:04,RIGHT,23,19,29.11,33.98,569.75,LOW,9,0,1,DOWN,8,1,1,UP,6,1,1
15:31:34,RIGHT,19,19,28.71,33.96,569.25,LOW,9,1,1,DOWN,8,1,1,UP,6,1,1
15:32:04,RIGHT,22,15,29.12,33.96,569.5,LOW,9,0,1,DOWN,8,1,1,UP,6,1,1
15:32:34,RIGHT,24,19,29.13,33.97,569.75,LOW,9,1,1,DOWN,8,1,1,UP,6,1,1
15:33:04,RIGHT,23,20,29.13,33.98,569.75,LOW,9,1,1,DOWN,8,1,1,UP,6,1,1
15:33:34,RIGHT,21,17,29.15,33.97,569.5,LOW,9,0,1,DOWN,8,1,1,UP,6,1,1
15:34:04,RIGHT,21,17,29.14,33.96,569.5,LOW,9,1,1,DOWN,8,1,1,UP,6,1,1
15:34:34,RIGHT,21,14,28.84,33.96,569.75,LOW,9,1,1,DOWN,8,1,1,UP,6,1,1
15:35:04,RIGHT,19,20,29.16,33.97,569.5,LOW,9,1,1,DOWN,8,1,1,UP,6,1,1
15:35:34,RIGHT,21,17,29.17,33.96,569.75,LOW,9,1,1,DOWN,8,1,1,UP,6,1,1
15:36:04,RIGHT,23,17,29.16,33.98,569.5,LOW,9,1,1,DOWN,8,1,1,UP,6,1,1
15:36:34,RIGHT,21,18,29.17,33.96,569.5,LOW,9,1,1,DOWN,8,1,1,UP,6,1,1
15:37:04,RIGHT,25,16,29.17,33.97,569.75,LOW,9,1,1,DOWN,8,1,1,UP,6,1,1
15:37:34,RIGHT,25,17,29.17,33.97,569.5,LOW,9,0,1,DOWN,8,1,1,UP,6,1,1
15:38:04,RIGHT,22,16,29.17,33.95,569.75,LOW,9,1,1,DOWN,8,1,1,UP,6,1,1
15:38:34,RIGHT,21,20,29.17,33.95,569.75,LOW,9,1,1,DOWN,8,1,1,UP,6,1,1
15:39:04,RIGHT,20,18,29.17,33.97,569.75,LOW,9,1,1,DOWN,8,1,1,UP,6,1,1
15:39:34,RIGHT,21,21,29.18,33.97,569.5,LOW,9,0,1,DOWN,8,1,1,UP,6,1,1
15:40:04,RIGHT,24,19,29.19,33.96,569.5,LOW,9,0,1,DOWN,8,1,1,UP,6,1,1
15:40:34,RIGHT,20,14,29.18,33.96,569.5,LOW,9,1,1,DOWN,8,1,1,UP,6,1,1
15:41:04,RIGHT,22,15,29.18,33.94,569.75,LOW,9,1,1,DOWN,8,1,1,UP,6,1,1
15:41:34,RIGHT,19,18,29.15,33.95,569.5,LOW,9,1,1,DOWN,8,1,1,UP,6,1,1
15:42:04,RIGHT,22,18,29.19,33.95,570,LOW,9,0,1,DOWN,8,1,1,UP,6,1,1
15:42:34,RIGHT,24,17,29.2,33.94,569.75,LOW,9,1,1,DOWN,8,1,1,UP,6,1,1
15:43:04,RIGHT,20,18,29.21,33.93,569.5,LOW,9,1,1,DOWN,8,1,1,UP,6,1,1
15:43:34,RIGHT,23,19,29.2,33.94,569.75,LOW,9,0,1,DOWN,8,1,1,UP,6,1,1
15:44:04,RIGHT,21,18,29.19,33.92,569.5,LOW,9,0,1,DOWN,8,1,1,UP,6,1,1
15:44:34,RIGHT,22,16,29.2,33.91,569.5,LOW,9,1,1,DOWN,8,1,1,UP,6,1,1
15:45:04,RIGHT,25,17,29.19,33.92,570,LOW,9,1,1,DOWN,8,1,1,UP,6,1,1
15:45:34,RIGHT,18,15,29.18,33.93,569.75,LOW,9,1,1,DOWN,8,1,1,UP,6,1,1
15:46:04,RIGHT,23,15,29.18,33.94,569.5,LOW,9,1,1,DOWN,8,1,1,UP,6,1,1
15:46:34,RIGHT,22,15,29.17,33.93,569.75,LOW,9,0,1,DOWN,8,1,1,UP,6,1,1
15:47:04,RIGHT,20,15,29.18,33.92,569.75,LOW,9,1,1,DOWN,8,1,1,UP,6,1,1
15:47:34,RIGHT,21,15,29.18,33.92,569.5,LOW,9,1,1,DOWN,8,1,1,UP,6,1,1
15:48:04,RIGHT,21,18,29.17,33.91,569.75,LOW,9,0,1,DOWN,8,1,1,UP,6,1,1
15:48:34,RIGHT,21,20,29.18,33.93,569.25,LOW,9,1,1,DOWN,8,1,1,UP,6,1,1
15:49:04,RIGHT,21,18,29.18,33.93,569.75,LOW,9,0,1,DOWN,8,1,1,UP,6,1,1
15:49:34,RIGHT,22,20,29.18,33.93,569.5,LOW,9,0,1,DOWN,8,1,1,UP,6,1,1
15:50:04,RIGHT,20,17,29.17,33.91,569.75,LOW,9,1,1,DOWN,8,1,1,UP,6,1,1
15:50:34,RIGHT,20,21,29.19,33.91,569.5,LOW,9,1,1,DOWN,8,1,1,UP,6,1,1
15:51:04,RIGHT,19,19,29.1,33.94,569.75,LOW,9,0,1,DOWN,8,1,1,UP,6,1,1
15:51:34,RIGHT,23,16,29.18,33.92,569.5,LOW,9,1,1,DOWN,8,1,1,UP,6,1,1
15:52:04,RIGHT,23,19,29.19,33.92,569.5,LOW,9,1,1,DOWN,8,1,1,UP,6,1,1
15:52:34,RIGHT,20,21,29.2,33.91,569.5,LOW,9,0,1,DOWN,8,1,1,UP,6,1,1
15:53:04,RIGHT,21,17,29.21,33.92,569.5,LOW,9,1,1,DOWN,8,1,1,UP,6,1,1
15:53:34,RIGHT,21,14,29.21,33.92,569.75,LOW,9,0,1,DOWN,8,1,1,UP,6,1,1
15:54:04,RIGHT,19,19,29.21,33.91,569.5,LOW,9,1,1,DOWN,8,1,1,UP,6,1,1
15:54:34,RIGHT,18,15,29.22,33.91,569.5,LOW,9,0,1,DOWN,8,1,1,UP,6,1,1
15:55:04,RIGHT,20,17,29.22,33.91,569.5,LOW,9,1,1,DOWN,8,1,1,UP,6,1,1
15:55:34,RIGHT,20,15,29.23,33.92,569.5,LOW,9,1,1,DOWN,8,1,1,UP,6,1,1
15:56:04,RIGHT,22,17,29.22,33.91,569.5,LOW,9,1,1,DOWN,8,1,1,UP,6,1,1
15:56:34,RIGHT,25,16,29.22,33.9,569.5,LOW,9,1,1,DOWN,8,1,1,UP,6,1,1
15:57:04,RIGHT,19,19,29.23,33.92,569.5,LOW,9,1,1,DOWN,8,1,1,UP,6,1,1
15:57:34,RIGHT,24,14,29.24,33.91,569.5,LOW,9,0,1,DOWN,8,1,1,UP,6,1,1
15:58:04,RIGHT,24,16,29.24,33.91,569.5,LOW,9,0,1,DOWN,8,1,1,UP,6,1,1
15:58:34,RIGHT,21,21,29.25,33.91,569.75,LOW,9,1,1,DOWN,8,1,1,UP,6,1,1
15:59:04,RIGHT,23,15,29.24,33.91,569.75,LOW,9,0,1,DOWN,8,1,1,UP,6,1,1
15:59:34,RIGHT,22,16,29.25,33.91,569.75,LOW,9,0,1,DOWN,8,1,1,UP,6,1,1
16:00:04,RIGHT,24,21,29.25,33.89,569.75,LOW,9,0,1,DOWN,8,1,1,UP,6,1,1
16:00:34,RIGHT,23,16,29.24,33.89,569.5,LOW,9,0,1,DOWN,8,1,1,UP,6,1,1
16:01:04,RIGHT,20,14,29.25,33.87,569.75,LOW,9,1,1,DOWN,8,1,1,UP,6,1,1
16:01:34,RIGHT,24,18,29.24,33.9,569.75,LOW,9,1,1,DOWN,8,1,1,UP,6,1,1
16:02:04,RIGHT,21,16,29.25,33.88,569.5,LOW,9,1,1,DOWN,8,1,1,UP,6,1,1
16:02:34,RIGHT,25,15,29.25,33.91,570,LOW,9,0,1,DOWN,8,1,1,UP,6,1,1
16:03:04,RIGHT,22,16,29.25,33.88,570,LOW,9,0,1,DOWN,8,1,1,UP,6,1,1
16:03:34,RIGHT,23,20,29.25,33.89,570,LOW,9,0,1,DOWN,8,1,1,UP,6,1,1
16:04:04,RIGHT,21,16,29.26,33.89,569.75,LOW,9,1,1,DOWN,8,1,1,UP,6,1,1
16:04:34,RIGHT,22,18,29.26,33.88,569.5,LOW,9,1,1,DOWN,8,1,1,UP,6,1,1
16:05:04,RIGHT,23,19,29.25,33.88,569.75,LOW,9,0,1,DOWN,8,1,1,UP,6,1,1
16:05:34,RIGHT,23,17,29.25,33.88,569.5,LOW,9,0,1,DOWN,8,1,1,UP,6,1,1
16:06:04,RIGHT,21,18,29.24,33.87,569.75,LOW,9,1,1,DOWN,8,1,1,UP,6,1,1
16:06:34,RIGHT,24,20,29.25,33.88,569.75,LOW,9,0,1,DOWN,8,1,1,UP,6,1,1
16:07:04,RIGHT,23,18,29.25,33.88,569.75,LOW,9,1,1,DOWN,8,1,1,UP,6,1,1
16:07:34,RIGHT,22,20,29.25,33.88,569.75,LOW,9,0,1,DOWN,8,1,1,UP,6,1,1
16:08:04,RIGHT,21,19,29.25,33.87,569.5,LOW,9,1,1,DOWN,8,1,1,UP,6,1,1
16:08:34,RIGHT,25,15,29.21,33.88,569.75,LOW,9,1,1,DOWN,8,1,1,UP,6,1,1
16:09:04,RIGHT,24,17,29.02,33.88,569.75,LOW,9,1,1,DOWN,8,1,1,UP,6,1,1
16:09:34,RIGHT,25,17,29.26,33.86,569.5,LOW,9,0,1,DOWN,8,1,1,UP,6,1,1
16:10:04,RIGHT,22,16,29.26,33.87,569.75,LOW,9,0,1,DOWN,8,1,1,UP,6,1,1
16:10:34,RIGHT,22,17,29.01,33.87,569.5,LOW,9,0,1,DOWN,8,1,1,UP,6,1,1
16:11:04,RIGHT,22,20,29.27,33.87,569.5,LOW,9,1,1,DOWN,8,1,1,UP,6,1,1
16:11:34,RIGHT,24,19,29.27,33.88,569.75,LOW,9,1,1,DOWN,8,1,1,UP,6,1,1
16:12:04,RIGHT,19,17,29.27,33.87,569.5,LOW,9,0,1,DOWN,8,1,1,UP,6,1,1
16:12:34,RIGHT,21,17,29.27,33.87,569.5,LOW,9,0,1,DOWN,8,1,1,UP,6,1,1
16:13:04,RIGHT,24,18,29.27,33.88,569.75,LOW,9,0,1,DOWN,8,1,1,UP,6,1,1
16:13:34,RIGHT,21,19,29.27,33.87,569.5,LOW,9,0,1,DOWN,8,1,1,UP,6,1,1
16:14:04,RIGHT,25,14,29.27,33.87,569.75,LOW,9,1,1,DOWN,8,1,1,UP,6,1,1
16:14:34,RIGHT,24,20,29.28,33.87,569.75,LOW,9,1,1,DOWN,8,1,1,UP,6,1,1
16:15:04,RIGHT,20,14,29.28,33.86,569.5,LOW,9,1,1,DOWN,8,1,1,UP,6,1,1
16:15:34,RIGHT,24,15,29.2,33.89,569.25,LOW,9,1,1,DOWN,8,1,1,UP,6,1,1
16:16:04,RIGHT,25,15,29.28,33.87,569.75,LOW,9,0,1,DOWN,8,1,1,UP,6,1,1
16:16:34,RIGHT,22,19,29.28,33.88,569.75,LOW,9,1,1,DOWN,8,1,1,UP,6,1,1
16:17:04,LEFT,20,19,29.28,33.87,569.5,LOW,9,1,1,DOWN,8,1,1,UP,6,1,1
16:17:34,LEFT,20,16,29.27,33.87,569.75,LOW,9,1,1,DOWN,8,1,1,UP,6,1,1
16:18:04,LEFT,22,18,29.28,33.87,569.5,LOW,9,0,1,DOWN,8,1,1,UP,6,1,1
16:18:34,LEFT,22,17,29.27,33.86,569.75,LOW,9,1,1,DOWN,8,1,1,UP,6,1,1
16:19:04,LEFT,24,18,29.27,33.87,569.75,LOW,9,1,1,DOWN,8,1,1,UP,6,1,1
16:19:34,LEFT,25,16,29.02,33.88,569.5,LOW,9,1,1,DOWN,8,1,1,UP,6,1,1
16:20:04,LEFT,22,17,29.28,33.87,570,LOW,9,1,1,DOWN,8,1,1,UP,6,1,1
16:20:34,LEFT,21,18,29.28,33.88,569.75,LOW,9,0,1,DOWN,8,1,1,UP,6,1,1
16:21:04,LEFT,21,20,29.27,33.88,569.5,LOW,9,1,1,DOWN,8,1,1,UP,6,1,1
16:21:34,LEFT,19,18,29.29,33.89,569.75,LOW,9,0,1,DOWN,8,1,1,UP,6,1,1
16:22:04,LEFT,21,20,29.28,33.87,569.75,LOW,9,1,1,DOWN,8,1,1,UP,6,1,1
16:22:34,LEFT,18,19,29.28,33.87,569.5,LOW,9,1,1,DOWN,8,1,1,UP,6,1,1
16:23:04,LEFT,23,19,29.18,33.86,570,LOW,9,1,1,DOWN,8,1,1,UP,6,1,1
16:23:34,LEFT,25,18,29.24,33.86,570,LOW,9,1,1,DOWN,8,1,1,UP,6,1,1
16:24:04,LEFT,20,19,29.2,33.86,569.5,LOW,9,0,1,DOWN,8,1,1,UP,6,1,1
16:24:34,LEFT,22,19,29.28,33.87,569.75,LOW,9,0,1,DOWN,8,1,1,UP,6,1,1
16:25:04,LEFT,20,17,29.28,33.87,569.75,LOW,9,0,1,DOWN,8,1,1,UP,6,1,1
16:25:34,LEFT,22,21,29.28,33.86,569.5,LOW,9,1,1,DOWN,8,1,1,UP,6,1,1
16:26:04,LEFT,19,20,29.28,33.87,569.75,LOW,9,0,1,DOWN,8,1,1,UP,6,1,1
16:26:34,LEFT,22,21,29.28,33.87,569.5,LOW,9,0,1,DOWN,8,1,1,UP,6,1,1
16:27:04,LEFT,24,17,29.29,33.86,569.75,LOW,9,0,1,DOWN,8,1,1,UP,6,1,1
16:27:34,LEFT,18,19,29.28,33.86,569.75,LOW,9,0,1,DOWN,8,1,1,UP,6,1,1
16:28:04,LEFT,22,16,28.97,33.86,569.5,LOW,9,1,1,DOWN,8,1,1,UP,6,1,1
16:28:34,LEFT,21,20,29.3,33.85,570,LOW,9,0,1,DOWN,8,1,1,UP,6,1,1
16:29:04,LEFT,21,19,29.3,33.85,569.25,LOW,9,1,1,DOWN,8,1,1,UP,6,1,1
16:29:34,LEFT,23,16,29.29,33.85,569.5,LOW,9,1,1,DOWN,8,1,1,UP,6,1,1
16:30:04,LEFT,20,16,29.29,33.86,569.75,LOW,9,0,1,DOWN,8,1,1,UP,6,1,1
16:30:34,LEFT,21,17,29.3,33.86,569.75,LOW,9,1,1,DOWN,8,1,1,UP,6,1,1
16:31:04,LEFT,23,19,29.29,33.84,569.5,LOW,9,0,1,DOWN,8,1,1,UP,6,1,1
16:31:34,LEFT,24,20,29.29,33.86,569.75,LOW,9,0,1,DOWN,8,1,1,UP,6,1,1
16:32:04,LEFT,23,15,29.28,33.85,569.5,LOW,9,0,1,DOWN,8,1,1,UP,6,1,1
16:32:34,LEFT,21,16,29.28,33.86,569.75,LOW,9,1,1,DOWN,8,1,1,UP,6,1,1
16:33:04,LEFT,22,17,29.27,33.86,570,LOW,9,1,1,DOWN,8,1,1,UP,6,1,1
16:33:34,LEFT,21,17,29.28,33.85,569.5,LOW,9,1,1,DOWN,8,1,1,UP,6,1,1
16:34:04,LEFT,22,14,29.22,33.86,569.75,LOW,9,0,1,DOWN,8,1,1,UP,6,1,1
16:34:34,LEFT,23,18,29.28,33.83,569.5,LOW,9,0,1,DOWN,8,1,1,UP,6,1,1
16:35:04,LEFT,21,16,29.29,33.86,569.75,LOW,9,0,1,DOWN,8,1,1,UP,6,1,1
16:35:34,LEFT,22,18,29.28,33.84,570,HIGH,9,1,1,DOWN,8,1,1,UP,6,1,1
16:36:04,LEFT,21,20,29.24,33.85,569.5,HIGH,9,1,1,DOWN,8,1,1,UP,6,1,1
16:36:34,LEFT,23,15,29.29,33.86,569.75,HIGH,9,0,1,DOWN,8,1,1,UP,6,1,1
16:37:04,LEFT,19,15,29.29,33.86,569.75,HIGH,9,1,1,DOWN,8,1,1,DOWN,7,1,1
16:37:34,LEFT,24,18,29.29,33.84,569.5,HIGH,9,0,1,DOWN,8,1,1,DOWN,7,1,1
16:38:04,LEFT,20,14,29.3,33.85,569.75,HIGH,9,1,1,DOWN,8,1,1,DOWN,7,1,1
16:38:34,LEFT,22,15,29.29,33.85,569.5,HIGH,9,1,1,DOWN,8,1,1,DOWN,7,1,1
16:39:04,LEFT,23,20,29.3,33.85,569.5,LOW,9,0,1,DOWN,8,1,1,DOWN,7,1,1
16:39:34,LEFT,20,15,29.29,33.86,569.75,LOW,9,1,1,DOWN,8,1,1,DOWN,7,1,1
16:40:04,LEFT,20,14,29.29,33.83,569.75,LOW,9,1,1,DOWN,8,1,1,DOWN,7,1,1
16:40:34,LEFT,22,14,29.29,33.84,569.75,LOW,9,0,1,DOWN,8,1,1,DOWN,7,1,1
16:41:04,LEFT,4,15,29.29,33.85,569.75,LOW,9,0,1,DOWN,8,1,1,DOWN,7,1,1
16:41:34,LEFT,7,20,29.29,33.85,570,LOW,9,0,1,DOWN,8,1,1,DOWN,7,1,1
16:42:04,LEFT,5,18,29.29,33.84,569.5,LOW,9,1,1,DOWN,8,1,1,DOWN,7,1,1
16:42:34,LEFT,7,16,29.28,33.85,569.5,LOW,9,0,1,DOWN,8,1,1,DOWN,7,1,1
16:43:04,LEFT,6,16,29.29,33.85,569.5,LOW,9,0,1,DOWN,8,1,1,DOWN,7,1,1
16:43:34,LEFT,6,15,29.28,33.85,569.75,LOW,9,1,1,DOWN,8,1,1,DOWN,7,1,1
16:44:04,LEFT,4,21,29.29,33.85,569.5,LOW,9,1,1,UP,9,1,1,DOWN,7,1,1
16:44:34,LEFT,7,16,29.28,33.85,569.5,LOW,9,0,1,UP,9,1,1,DOWN,7,1,1
16:45:04,LEFT,7,16,29.28,33.83,569.75,LOW,9,1,1,UP,9,1,1,DOWN,7,1,1
16:45:34,LEFT,6,16,29.28,33.84,569.5,LOW,9,0,1,UP,9,1,1,DOWN,7,1,1
16:46:04,LEFT,7,21,29.28,33.85,569.5,LOW,9,0,1,UP,9,1,1,DOWN,7,1,1
16:46:34,LEFT,5,21,29.29,33.84,569.75,LOW,9,1,1,UP,9,1,1,DOWN,7,1,1
16:47:04,LEFT,7,20,29.29,33.84,569.75,LOW,9,1,1,UP,9,1,1,DOWN,7,1,1
16:47:34,LEFT,6,16,29.29,33.83,569.5,LOW,9,0,1,UP,9,1,1,DOWN,7,1,1
16:48:04,LEFT,4,17,29.29,33.84,569.5,LOW,9,1,1,UP,9,1,1,DOWN,7,1,1
16:48:34,LEFT,4,19,29.29,33.84,569.75,LOW,9,0,1,UP,9,1,1,DOWN,7,1,1
16:49:04,LEFT,4,18,29.29,33.85,569.5,LOW,9,1,1,UP,9,1,1,DOWN,7,1,1
16:49:34,LEFT,5,16,29.28,33.84,569.75,LOW,9,1,1,UP,9,1,1,DOWN,7,1,1
16:50:04,LEFT,4,20,29.28,33.85,569.75,LOW,9,0,1,UP,9,1,1,DOWN,7,1,1
16:50:34,LEFT,7,4,29.29,33.84,569.75,LOW,9,1,1,UP,9,1,1,DOWN,7,1,1
16:51:04,LEFT,4,4,29.29,33.84,569.5,LOW,9,0,1,UP,9,1,1,DOWN,7,1,1
16:51:34,LEFT,5,4,29.21,33.84,569.75,LOW,9,0,1,UP,9,1,1,DOWN,7,1,1
16:52:04,LEFT,5,4,29.3,33.84,569.75,LOW,9,0,1,UP,9,1,1,DOWN,7,1,1
16:52:34,LEFT,7,6,29.29,33.84,569.75,LOW,9,0,1,UP,9,1,1,DOWN,7,1,1
16:53:04,LEFT,6,4,29.29,33.84,569.75,LOW,9,0,1,UP,9,1,1,DOWN,7,1,1
16:53:34,LEFT,4,4,29.29,33.84,569.75,LOW,9,0,1,UP,9,1,1,DOWN,7,1,1
16:54:04,LEFT,5,4,29.3,33.85,569.75,LOW,9,1,1,UP,9,1,1,DOWN,7,1,1
16:54:34,LEFT,6,4,29.3,33.83,569.75,LOW,9,1,1,UP,9,1,1,DOWN,7,1,1
16:55:04,LEFT,7,4,29.31,33.84,569.75,LOW,9,1,1,UP,9,1,1,DOWN,7,1,1
16:55:34,LEFT,4,6,29.31,33.83,569.5,LOW,9,0,1,UP,9,1,1,DOWN,7,1,1
16:56:04,LEFT,7,4,29.31,33.82,569.75,LOW,9,0,1,UP,9,1,1,DOWN,7,1,1
16:56:34,LEFT,6,4,29.31,33.83,569.75,LOW,9,0,1,UP,9,1,1,DOWN,7,1,1
16:57:04,LEFT,5,5,29.31,33.81,569.75,LOW,9,0,1,UP,9,1,1,DOWN,7,1,1
16:57:34,LEFT,4,5,29.3,33.83,569.75,LOW,9,0,1,UP,9,1,1,DOWN,7,1,1
16:58:04,LEFT,7,6,29.32,33.82,569.75,LOW,9,1,1,UP,9,1,1,DOWN,7,1,1
16:58:34,LEFT,7,4,29.31,33.82,569.75,LOW,9,0,1,UP,9,1,1,DOWN,7,1,1
16:59:04,LEFT,4,6,29.31,33.81,569.75,LOW,9,0,1,UP,9,1,1,DOWN,7,1,1
16:59:34,LEFT,4,5,29.32,33.81,569.75,LOW,9,0,1,UP,9,1,1,DOWN,7,1,1
17:00:04,LEFT,6,5,29.32,33.81,569.75,LOW,9,1,1,UP,9,1,1,DOWN,7,1,1
17:00:34,LEFT,6,6,29.31,33.8,569.5,LOW,9,0,1,UP,9,1,1,DOWN,7,1,1
17:01:04,LEFT,5,4,29.32,33.8,569.5,LOW,9,0,1,UP,9,1,1,DOWN,7,1,1
17:01:34,LEFT,5,5,29.32,33.79,569.75,LOW,9,1,1,UP,9,1,1,DOWN,7,1,1
17:02:04,LEFT,5,5,29.32,33.8,570,LOW,9,0,1,UP,9,1,1,DOWN,7,1,1
17:02:34,LEFT,4,6,28.99,33.8,569.75,LOW,9,1,1,UP,9,1,1,DOWN,7,1,1
17:03:04,LEFT,5,4,29.34,33.8,569.75,LOW,9,0,1,UP,9,1,1,DOWN,7,1,1
17:03:34,LEFT,5,6,29.35,33.8,569.75,LOW,9,1,1,UP,9,1,1,DOWN,7,1,1
17:04:04,LEFT,6,6,29.34,33.79,569.75,LOW,9,0,1,UP,9,1,1,DOWN,7,1,1
17:04:34,LEFT,6,4,29.34,33.8,569.75,LOW,9,0,1,UP,9,1,1,DOWN,7,1,1
17:05:04,LEFT,5,4,29.35,33.79,569.75,LOW,9,1,1,UP,9,1,1,DOWN,7,1,1
17:05:34,LEFT,7,6,29.34,33.78,570,LOW,9,1,1,UP,9,1,1,DOWN,7,1,1
17:06:04,LEFT,4,6,29.35,33.77,569.75,LOW,9,0,1,UP,9,1,1,DOWN,7,1,1
17:06:34,LEFT,4,4,29.33,33.77,569.75,LOW,9,1,1,UP,9,1,1,DOWN,7,1,1
17:07:04,LEFT,4,6,29.34,33.78,569.75,LOW,9,1,1,UP,9,1,1,DOWN,7,1,1
17:07:34,LEFT,5,4,29.34,33.75,569.5,LOW,9,1,1,UP,9,1,1,DOWN,7,1,1
17:08:04,LEFT,6,5,29.35,33.77,569.5,LOW,9,1,1,UP,9,1,1,DOWN,7,1,1
17:08:34,LEFT,7,4,29.34,33.77,569.75,LOW,9,0,1,UP,9,1,1,DOWN,7,1,1
17:09:04,LEFT,6,6,29.33,33.77,569.5,LOW,9,0,1,UP,9,1,1,DOWN,7,1,1
17:09:34,LEFT,5,6,29.34,33.77,569.5,LOW,9,0,1,UP,9,1,1,DOWN,7,1,1
17:10:04,LEFT,4,5,29.34,33.77,569.75,LOW,9,0,1,UP,9,1,1,DOWN,7,1,1
17:10:34,LEFT,7,6,29.35,33.75,570,LOW,9,0,1,UP,9,1,1,DOWN,7,1,1
17:11:04,LEFT,7,6,29.35,33.75,569.5,LOW,9,1,1,UP,9,1,1,DOWN,7,1,1
17:11:34,LEFT,5,6,29.36,33.75,569.5,LOW,9,1,1,UP,9,1,1,DOWN,7,1,1
17:12:04,LEFT,4,4,29.35,33.75,569.5,LOW,9,1,1,UP,9,1,1,DOWN,7,1,1
17:12:34,LEFT,4,6,29.37,33.75,569.5,LOW,9,1,1,UP,9,1,1,DOWN,7,1,1
17:13:04,LEFT,6,5,29.35,33.75,569.5,LOW,9,1,1,UP,9,1,1,DOWN,7,1,1
17:13:34,LEFT,4,5,29.36,33.75,569.75,LOW,9,0,1,UP,9,1,1,DOWN,7,1,1
17:14:04,LEFT,7,4,29.37,33.75,569.5,LOW,9,0,1,UP,9,1,1,DOWN,7,1,1
17:14:34,LEFT,4,4,29.37,33.75,569.5,LOW,9,0,1,UP,9,1,1,DOWN,7,1,1
17:15:04,LEFT,7,6,29.37,33.75,569.25,LOW,9,1,1,UP,9,1,1,DOWN,7,1,1
17:15:34,LEFT,4,4,29.37,33.75,569.75,LOW,9,1,1,UP,9,1,1,DOWN,7,1,1
17:16:04,LEFT,7,6,29.37,33.75,569.5,LOW,9,1,1,UP,9,1,1,DOWN,7,1,1
17:16:34,LEFT,4,5,29.38,33.73,569.75,LOW,9,0,1,UP,9,1,1,DOWN,7,1,1
17:17:04,LEFT,5,5,29.38,33.75,569.75,LOW,9,1,1,UP,9,1,1,DOWN,7,1,1
17:17:34,LEFT,4,4,29.38,33.73,569.75,LOW,9,0,1,UP,9,1,1,DOWN,7,1,1
17:18:04,LEFT,7,5,29.38,33.74,569.5,LOW,9,0,1,UP,9,1,1,DOWN,7,1,1
17:18:34,LEFT,7,6,29.38,33.71,569.75,LOW,9,1,1,UP,9,1,1,DOWN,7,1,1
17:19:04,LEFT,6,5,29.38,33.72,569.75,LOW,9,0,1,UP,9,1,1,DOWN,7,1,1
17:19:34,LEFT,4,5,29.37,33.72,569.5,LOW,9,0,1,UP,9,1,1,DOWN,7,1,1
17:20:04,LEFT,7,4,29.37,33.73,569.5,LOW,9,1,1,UP,9,1,1,DOWN,7,1,1
17:20:34,LEFT,7,6,29.36,33.71,569.75,LOW,9,1,1,UP,9,1,1,DOWN,7,1,1
17:21:04,LEFT,6,6,29.36,33.73,569.75,LOW,9,1,1,UP,9,1,1,DOWN,7,1,1
17:21:34,LEFT,5,6,29.36,33.71,569.75,LOW,9,1,1,UP,9,1,1,DOWN,7,1,1
17:22:04,LEFT,6,5,29.36,33.71,569.75,LOW,9,0,1,UP,9,1,1,DOWN,7,1,1
17:22:34,LEFT,6,5,29.35,33.72,569.75,LOW,9,0,1,UP,9,1,1,DOWN,7,1,1
17:23:04,LEFT,7,6,29.35,33.71,569.75,LOW,9,1,1,UP,9,1,1,DOWN,7,1,1
17:23:34,LEFT,5,4,29.31,33.73,569.75,LOW,9,0,1,DOWN,10,1,1,DOWN,7,1,1
17:24:04,LEFT,5,6,29.35,33.71,569.5,LOW,9,1,1,DOWN,10,1,1,DOWN,7,1,1
17:24:34,LEFT,4,4,29.34,33.72,569.75,LOW,9,1,1,DOWN,10,1,1,DOWN,7,1,1
17:25:04,LEFT,4,6,29.35,33.71,569.75,LOW,9,1,1,DOWN,10,1,1,DOWN,7,1,1
17:25:34,LEFT,6,5,29.34,33.71,569.5,LOW,9,1,1,DOWN,10,1,1,DOWN,7,1,1
17:26:04,LEFT,6,4,29.34,33.71,569.75,LOW,9,1,1,DOWN,10,1,1,DOWN,7,1,1
17:26:34,LEFT,6,4,29.32,33.71,569.5,LOW,9,1,1,DOWN,10,1,1,DOWN,7,1,1
17:27:04,LEFT,6,5,29.32,33.71,569.75,LOW,9,0,1,DOWN,10,1,1,DOWN,7,1,1
17:27:34,LEFT,4,6,29.32,33.7,569.5,LOW,9,0,1,DOWN,10,1,1,DOWN,7,1,1
17:28:04,LEFT,4,6,29.31,33.71,569.75,LOW,9,0,1,DOWN,10,1,1,DOWN,7,1,1
17:28:34,LEFT,5,4,29.31,33.69,569.5,LOW,9,0,1,DOWN,10,1,1,DOWN,7,1,1
17:29:04,LEFT,6,5,29.31,33.68,569.75,LOW,9,0,1,DOWN,10,1,1,UP,8,1,1
17:29:34,LEFT,6,4,29.31,33.7,569.75,LOW,9,1,1,DOWN,10,1,1,UP,8,1,1
17:30:04,LEFT,7,4,29.32,33.71,569.75,LOW,9,1,1,DOWN,10,1,1,UP,8,1,1
17:30:34,LEFT,4,6,29.3,33.71,570.25,LOW,9,0,1,DOWN,10,1,1,UP,8,1,1
17:31:04,LEFT,6,5,29.31,33.7,570.5,LOW,9,1,1,DOWN,10,1,1,UP,8,1,1
17:31:34,LEFT,6,6,29.31,33.69,570.5,LOW,9,1,1,DOWN,10,1,1,UP,8,1,1
17:32:04,LEFT,5,4,29.3,33.71,570.75,LOW,9,1,1,DOWN,10,1,1,UP,8,1,1
17:32:34,LEFT,5,5,29.31,33.69,570.5,LOW,9,0,1,UP,11,1,1,UP,8,1,1
17:33:04,LEFT,6,4,29.08,33.7,570.75,LOW,9,1,1,UP,11,1,1,UP,8,1,1
17:33:34,LEFT,5,4,29.31,33.7,571,LOW,9,1,1,UP,11,1,1,UP,8,1,1
17:34:04,LEFT,5,5,29.31,33.7,570.5,LOW,9,0,1,UP,11,1,1,UP,8,1,1
17:34:34,LEFT,7,4,29.31,33.68,570.75,LOW,9,1,1,UP,11,1,1,UP,8,1,1
17:35:04,LEFT,6,4,29.31,33.68,570.75,LOW,9,0,1,UP,11,1,1,UP,8,1,1
17:35:34,LEFT,4,5,29.31,33.67,570.75,LOW,9,0,1,UP,11,1,1,UP,8,1,1
17:36:04,LEFT,4,5,29.32,33.69,570.75,LOW,9,0,1,UP,11,1,1,UP,8,1,1
17:36:34,LEFT,5,4,29.32,33.67,570.5,MED,9,0,1,UP,11,1,1,UP,8,1,1
17:37:04,LEFT,6,6,29.33,33.68,570.5,MED,9,0,1,UP,11,1,1,UP,8,1,1
17:37:34,LEFT,7,4,29.33,33.69,570.5,MED,9,1,1,UP,11,1,1,UP,8,1,1
17:38:04,LEFT,6,6,29.33,33.68,570.5,MED,9,1,1,UP,11,1,1,UP,8,1,1
17:38:34,LEFT,4,6,29.34,33.69,570.5,MED,9,1,1,UP,11,1,1,UP,8,1,1
17:39:04,LEFT,5,5,29.34,33.68,570.25,MED,9,1,1,UP,11,1,1,UP,8,1,1
17:39:34,LEFT,7,4,29.34,33.66,570.5,MED,9,1,1,UP,11,1,1,UP,8,1,1
17:40:04,LEFT,6,6,29.34,33.68,570.25,MED,9,1,1,UP,11,1,1,UP,8,1,1
17:40:34,LEFT,5,4,29.34,33.68,570,MED,9,1,1,UP,11,1,1,UP,8,1,1
17:41:04,LEFT,6,5,29.34,33.68,570.5,MED,9,1,1,UP,11,1,1,UP,8,1,1
17:41:34,LEFT,4,4,29.33,33.67,570.25,MED,9,1,1,UP,11,1,1,UP,8,1,1
17:42:04,LEFT,6,5,29.32,33.68,570.5,MED,9,0,1,UP,11,1,1,UP,8,1,1
17:42:34,LEFT,5,5,29.33,33.69,569.75,MED,9,0,1,UP,11,1,1,UP,8,1,1
17:43:04,LEFT,4,6,29.32,33.68,569.75,MED,9,1,1,UP,11,1,1,UP,8,1,1
17:43:34,LEFT,7,4,29.33,33.68,570.25,MED,9,0,1,UP,11,1,1,UP,8,1,1
17:44:04,LEFT,6,6,29.32,33.68,569.75,MED,9,1,1,UP,11,1,1,UP,8,1,1
17:44:34,LEFT,5,5,29.33,33.68,569.5,MED,9,1,1,UP,11,1,1,UP,8,1,1
17:45:04,LEFT,7,6,29.33,33.67,569.25,MED,9,0,1,UP,11,1,1,UP,8,1,1
17:45:34,LEFT,7,5,29.33,33.68,568.75,MED,9,0,1,UP,11,1,1,UP,8,1,1
17:46:04,LEFT,5,5,29.33,33.67,569,MED,9,0,1,UP,11,1,1,UP,8,1,1
,,,,,,,,,,,,,,,,,,
,,,,,,,,,,,,,,,,,,
,,,,,,,,,,,,,,,,,,
,,,,,,,,,,,,,,,,,,
,,,,,,,,,,,,,,,,,,
,,,,,,,,,,,,,,,,,,
,,,,,,,,,,,,,,,,,,
,,,,,,,,,,,,,,,,,,
,,,,,,,,,,,,,,,,,,
,,,,,,,,,,,,,,,,,,
,,,,,,,,,,,,,,,,,,
,,,,,,,,,,,,,,,,,,
,,,,,,,,,,,,,,,,,,
,,,,,,,,,,,,,,,,,,
,,,,,,,,,,,,,,,,,,
,,,,,,,,,,,,,,,,,,
,,,,,,,,,,,,,,,,,,
,,,,,,,,,,,,,,,,,,
,,,,,,,,,,,,,,,,,,
,,,,,,,,,,,,,,,,,,
,,,,,,,,,,,,,,,,,,
,,,,,,,,,,,,,,,,,,
,,,,,,,,,,,,,,,,,,
,,,,,,,,,,,,,,,,,,
,,,,,,,,,,,,,,,,,,
,,,,,,,,,,,,,,,,,,
,,,,,,,,,,,,,,,,,,
,,,,,,,,,,,,,,,,,,
,,,,,,,,,,,,,,,,,,
,,,,,,,,,,,,,,,,,,
,,,,,,,,,,,,,,,,,,
,,,,,,,,,,,,,,,,,,
,,,,,,,,,,,,,,,,,,
,,,,,,,,,,,,,,,,,,
,,,,,,,,,,,,,,,,,,
,,,,,,,,,,,,,,,,,,
,,,,,,,,,,,,,,,,,,
,,,,,,,,,,,,,,,,,,
,,,,,,,,,,,,,,,,,,
,,,,,,,,,,,,,,,,,,
,,,,,,,,,,,,,,,,,,
,,,,,,,,,,,,,,,,,,
,,,,,,,,,,,,,,,,,,
,,,,,,,,,,,,,,,,,,
,,,,,,,,,,,,,,,,,,
,,,,,,,,,,,,,,,,,,
,,,,,,,,,,,,,,,,,,
,,,,,,,,,,,,,,,,,,
,,,,,,,,,,,,,,,,,,
,,,,,,,,,,,,,,,,,,
,,,,,,,,,,,,,,,,,,
,,,,,,,,,,,,,,,,,,
,,,,,,,,,,,,,,,,,,
,,,,,,,,,,,,,,,,,,
,,,,,,,,,,,,,,,,,,
,,,,,,,,,,,,,,,,,,
,,,,,,,,,,,,,,,,,,
,,,,,,,,,,,,,,,,,,
,,,,,,,,,,,,,,,,,,
,,,,,,,,,,,,,,,,,,
,,,,,,,,,,,,,,,,,,
,,,,,,,,,,,,,,,,,,
,,,,,,,,,,,,,,,,,,
,,,,,,,,,,,,,,,,,,
,,,,,,,,,,,,,,,,,,
,,,,,,,,,,,,,,,,,,
,,,,,,,,,,,,,,,,,,
,,,,,,,,,,,,,,,,,,
,,,,,,,,,,,,,,,,,,
,,,,,,,,,,,,,,,,,,
,,,,,,,,,,,,,,,,,,
,,,,,,,,,,,,,,,,,,
,,,,,,,,,,,,,,,,,,
,,,,,,,,,,,,,,,,,,
,,,,,,,,,,,,,,,,,,
,,,,,,,,,,,,,,,,,,
,,,,,,,,,,,,,,,,,,
,,,,,,,,,,,,,,,,,,
,,,,,,,,,,,,,,,,,,
,,,,,,,,,,,,,,,,,,
,,,,,,,,,,,,,,,,,,
,,,,,,,,,,,,,,,,,,
,,,,,,,,,,,,,,,,,,
,,,,,,,,,,,,,,,,,,
,,,,,,,,,,,,,,,,,,
,,,,,,,,,,,,,,,,,,
,,,,,,,,,,,,,,,,,,
,,,,,,,,,,,,,,,,,,
,,,,,,,,,,,,,,,,,,
,,,,,,,,,,,,,,,,,,
,,,,,,,,,,,,,,,,,,
,,,,,,,,,,,,,,,,,,
,,,,,,,,,,,,,,,,,,
,,,,,,,,,,,,,,,,,,
,,,,,,,,,,,,,,,,,,
,,,,,,,,,,,,,,,,,,
,,,,,,,,,,,,,,,,,,
,,,,,,,,,,,,,,,,,,
,,,,,,,,,,,,,,,,,,
,,,,,,,,,,,,,,,,,,
,,,,,,,,,,,,,,,,,,
,,,,,,,,,,,,,,,,,,
,,,,,,,,,,,,,,,,,,
,,,,,,,,,,,,,,,,,,
,,,,,,,,,,,,,,,,,,
,,,,,,,,,,,,,,,,,,
,,,,,,,,,,,,,,,,,,
,,,,,,,,,,,,,,,,,,
,,,,,,,,,,,,,,,,,,
,,,,,,,,,,,,,,,,,,
,,,,,,,,,,,,,,,,,,
,,,,,,,,,,,,,,,,,,
,,,,,,,,,,,,,,,,,,
,,,,,,,,,,,,,,,,,,
,,,,,,,,,,,,,,,,,,
,,,,,,,,,,,,,,,,,,
,,,,,,,,,,,,,,,,,,
,,,,,,,,,,,,,,,,,,
,,,,,,,,,,,,,,,,,,
,,,,,,,,,,,,,,,,,,
,,,,,,,,,,,,,,,,,,
,,,,,,,,,,,,,,,,,,
,,,,,,,,,,,,,,,,,,
,,,,,,,,,,,,,,,,,,
,,,,,,,,,,,,,,,,,,
,,,,,,,,,,,,,,,,,,
,,,,,,,,,,,,,,,,,,
,,,,,,,,,,,,,,,,,,
,,,,,,,,,,,,,,,,,,
,,,,,,,,,,,,,,,,,,
,,,,,,,,,,,,,,,,,,
,,,,,,,,,,,,,,,,,,
,,,,,,,,,,,,,,,,,,
,,,,,,,,,,,,,,,,,,
,,,,,,,,,,,,,,,,,,
,,,,,,,,,,,,,,,,,,
,,,,,,,,,,,,,,,,,,
,,,,,,,,,,,,,,,,,,
,,,,,,,,,,,,,,,,,,
,,,,,,,,,,,,,,,,,,
,,,,,,,,,,,,,,,,,,
,,,,,,,,,,,,,,,,,,
,,,,,,,,,,,,,,,,,,
,,,,,,,,,,,,,,,,,,
,,,,,,,,,,,,,,,,,,
,,,,,,,,,,,,,,,,,,
,,,,,,,,,,,,,,,,,,
,,,,,,,,,,,,,,,,,,
,,,,,,,,,,,,,,,,,,
,,,,,,,,,,,,,,,,,,
,,,,,,,,,,,,,,,,,,
,,,,,,,,,,,,,,,,,,
,,,,,,,,,,,,,,,,,,
,,,,,,,,,,,,,,,,,,
,,,,,,,,,,,,,,,,,,
,,,,,,,,,,,,,,,,,,
,,,,,,,,,,,,,,,,,,
,,,,,,,,,,,,,,,,,,
,,,,,,,,,,,,,,,,,,
,,,,,,,,,,,,,,,,,,
,,,,,,,,,,,,,,,,,,
,,,,,,,,,,,,,,,,,,
,,,,,,,,,,,,,,,,,,
,,,,,,,,,,,,,,,,,,
,,,,,,,,,,,,,,,,,,
,,,,,,,,,,,,,,,,,,
,,,,,,,,,,,,,,,,,,
,,,,,,,,,,,,,,,,,,
,,,,,,,,,,,,,,,,,,
,,,,,,,,,,,,,,,,,,
,,,,,,,,,,,,,,,,,,
,,,,,,,,,,,,,,,,,,
,,,,,,,,,,,,,,,,,,
,,,,,,,,,,,,,,,,,,
,,,,,,,,,,,,,,,,,,
,,,,,,,,,,,,,,,,,,
,,,,,,,,,,,,,,,,,,
,,,,,,,,,,,,,,,,,,
,,,,,,,,,,,,,,,,,,
,,,,,,,,,,,,,,,,,,
,,,,,,,,,,,,,,,,,,
,,,,,,,,,,,,,,,,,,
,,,,,,,,,,,,,,,,,,
,,,,,,,,,,,,,,,,,,
,,,,,,,,,,,,,,,,,,
,,,,,,,,,,,,,,,,,,
,,,,,,,,,,,,,,,,,,
,,,,,,,,,,,,,,,,,,
,,,,,,,,,,,,,,,,,,
,,,,,,,,,,,,,,,,,,
,,,,,,,,,,,,,,,,,,
,,,,,,,,,,,,,,,,,,
,,,,,,,,,,,,,,,,,,
,,,,,,,,,,,,,,,,,,
,,,,,,,,,,,,,,,,,,
,,,,,,,,,,,,,,,,,,
,,,,,,,,,,,,,,,,,,
,,,,,,,,,,,,,,,,,,
,,,,,,,,,,,,,,,,,,
,,,,,,,,,,,,,,,,,,
,,,,,,,,,,,,,,,,,,
,,,,,,,,,,,,,,,,,,
,,,,,,,,,,,,,,,,,,
,,,,,,,,,,,,,,,,,,
,,,,,,,,,,,,,,,,,,
,,,,,,,,,,,,,,,,,,
,,,,,,,,,,,,,,,,,,
,,,,,,,,,,,,,,,,,,
,,,,,,,,,,,,,,,,,,
,,,,,,,,,,,,,,,,,,
,,,,,,,,,,,,,,,,,,
,,,,,,,,,,,,,,,,,,
,,,,,,,,,,,,,,,,,,
,,,,,,,,,,,,,,,,,,
,,,,,,,,,,,,,,,,,,
,,,,,,,,,,,,,,,,,,
,,,,,,,,,,,,,,,,,,
,,,,,,,,,,,,,,,,,,
,,,,,,,,,,,,,,,,,,
,,,,,,,,,,,,,,,,,,
,,,,,,,,,,,,,,,,,,
,,,,,,,,,,,,,,,,,,
,,,,,,,,,,,,,,,,,,
,,,,,,,,,,,,,,,,,,
,,,,,,,,,,,,,,,,,,
,,,,,,,,,,,,,,,,,,
,,,,,,,,,,,,,,,,,,
,,,,,,,,,,,,,,,,,,
,,,,,,,,,,,,,,,,,,
,,,,,,,,,,,,,,,,,,
,,,,,,,,,,,,,,,,,,
,,,,,,,,,,,,,,,,,,
,,,,,,,,,,,,,,,,,,
,,,,,,,,,,,,,,,,,,
,,,,,,,,,,,,,,,,,,
,,,,,,,,,,,,,,,,,,
,,,,,,,,,,,,,,,,,,
,,,,,,,,,,,,,,,,,,
,,,,,,,,,,,,,,,,,,
,,,,,,,,,,,,,,,,,,
,,,,,,,,,,,,,,,,,,
,,,,,,,,,,,,,,,,,,
,,,,,,,,,,,,,,,,,,
,,,,,,,,,,,,,,,,,,
,,,,,,,,,,,,,,,,,,
,,,,,,,,,,,,,,,,,,
,,,,,,,,,,,,,,,,,,
,,,,,,,,,,,,,,,,,,
,,,,,,,,,,,,,,,,,,
,,,,,,,,,,,,,,,,,,
,,,,,,,,,,,,,,,,,,
,,,,,,,,,,,,,,,,,,
,,,,,,,,,,,,,,,,,,
,,,,,,,,,,,,,,,,,,
,,,,,,,,,,,,,,,,,,
,,,,,,,,,,,,,,,,,,
,,,,,,,,,,,,,,,,,,
,,,,,,,,,,,,,,,,,,
,,,,,,,,,,,,,,,,,,
,,,,,,,,,,,,,,,,,,
,,,,,,,,,,,,,,,,,,
,,,,,,,,,,,,,,,,,,
,,,,,,,,,,,,,,,,,,
,,,,,,,,,,,,,,,,,,
,,,,,,,,,,,,,,,,,,
,,,,,,,,,,,,,,,,,,
,,,,,,,,,,,,,,,,,,
,,,,,,,,,,,,,,,,,,
,,,,,,,,,,,,,,,,,,
,,,,,,,,,,,,,,,,,,
,,,,,,,,,,,,,,,,,,
,,,,,,,,,,,,,,,,,,
,,,,,,,,,,,,,,,,,,
,,,,,,,,,,,,,,,,,,
,,,,,,,,,,,,,,,,,,
,,,,,,,,,,,,,,,,,,
,,,,,,,,,,,,,,,,,,
,,,,,,,,,,,,,,,,,,
,,,,,,,,,,,,,,,,,,
,,,,,,,,,,,,,,,,,,
,,,,,,,,,,,,,,,,,,
,,,,,,,,,,,,,,,,,,
,,,,,,,,,,,,,,,,,,
,,,,,,,,,,,,,,,,,,
,,,,,,,,,,,,,,,,,,
,,,,,,,,,,,,,,,,,,
,,,,,,,,,,,,,,,,,,
,,,,,,,,,,,,,,,,,,
,,,,,,,,,,,,,,,,,,
,,,,,,,,,,,,,,,,,,
,,,,,,,,,,,,,,,,,,
,,,,,,,,,,,,,,,,,,
,,,,,,,,,,,,,,,,,,
,,,,,,,,,,,,,,,,,,
,,,,,,,,,,,,,,,,,,
,,,,,,,,,,,,,,,,,,
,,,,,,,,,,,,,,,,,,
,,,,,,,,,,,,,,,,,,
,,,,,,,,,,,,,,,,,,
,,,,,,,,,,,,,,,,,,
,,,,,,,,,,,,,,,,,,
,,,,,,,,,,,,,,,,,,
,,,,,,,,,,,,,,,,,,
,,,,,,,,,,,,,,,,,,
,,,,,,,,,,,,,,,,,,
,,,,,,,,,,,,,,,,,,
,,,,,,,,,,,,,,,,,,
,,,,,,,,,,,,,,,,,,
,,,,,,,,,,,,,,,,,,
,,,,,,,,,,,,,,,,,,
,,,,,,,,,,,,,,,,,,
,,,,,,,,,,,,,,,,,,
,,,,,,,,,,,,,,,,,,
,,,,,,,,,,,,,,,,,,
,,,,,,,,,,,,,,,,,,
,,,,,,,,,,,,,,,,,,
,,,,,,,,,,,,,,,,,,
,,,,,,,,,,,,,,,,,,
,,,,,,,,,,,,,,,,,,
,,,,,,,,,,,,,,,,,,
,,,,,,,,,,,,,,,,,,
,,,,,,,,,,,,,,,,,,
,,,,,,,,,,,,,,,,,,
,,,,,,,,,,,,,,,,,,
,,,,,,,,,,,,,,,,,,
,,,,,,,,,,,,,,,,,,
,,,,,,,,,,,,,,,,,,
,,,,,,,,,,,,,,,,,,
,,,,,,,,,,,,,,,,,,
,,,,,,,,,,,,,,,,,,
,,,,,,,,,,,,,,,,,,
,,,,,,,,,,,,,,,,,,
,,,,,,,,,,,,,,,,,,
,,,,,,,,,,,,,,,,,,
,,,,,,,,,,,,,,,,,,
,,,,,,,,,,,,,,,,,,
,,,,,,,,,,,,,,,,,,
,,,,,,,,,,,,,,,,,,
,,,,,,,,,,,,,,,,,,
,,,,,,,,,,,,,,,,,,
,,,,,,,,,,,,,,,,,,
,,,,,,,,,,,,,,,,,,
,,,,,,,,,,,,,,,,,,
,,,,,,,,,,,,,,,,,,
,,,,,,,,,,,,,,,,,,
,,,,,,,,,,,,,,,,,,
,,,,,,,,,,,,,,,,,,
,,,,,,,,,,,,,,,,,,
,,,,,,,,,,,,,,,,,,
,,,,,,,,,,,,,,,,,,
,,,,,,,,,,,,,,,,,,
,,,,,,,,,,,,,,,,,,
,,,,,,,,,,,,,,,,,,
,,,,,,,,,,,,,,,,,,
,,,,,,,,,,,,,,,,,,
,,,,,,,,,,,,,,,,,,
,,,,,,,,,,,,,,,,,,
,,,,,,,,,,,,,,,,,,
,,,,,,,,,,,,,,,,,,
,,,,,,,,,,,,,,,,,,
,,,,,,,,,,,,,,,,,,
,,,,,,,,,,,,,,,,,,
,,,,,,,,,,,,,,,,,,
,,,,,,,,,,,,,,,,,,
,,,,,,,,,,,,,,,,,,
,,,,,,,,,,,,,,,,,,
,,,,,,,,,,,,,,,,,,
,,,,,,,,,,,,,,,,,,
,,,,,,,,,,,,,,,,,,
,,,,,,,,,,,,,,,,,,
,,,,,,,,,,,,,,,,,,
,,,,,,,,,,,,,,,,,,
,,,,,,,,,,,,,,,,,,
,,,,,,,,,,,,,,,,,,
,,,,,,,,,,,,,,,,,,
,,,,,,,,,,,,,,,,,,
,,,,,,,,,,,,,,,,,,
,,,,,,,,,,,,,,,,,,
,,,,,,,,,,,,,,,,,,
,,,,,,,,,,,,,,,,,,
,,,,,,,,,,,,,,,,,,
,,,,,,,,,,,,,,,,,,
,,,,,,,,,,,,,,,,,,
,,,,,,,,,,,,,,,,,,
,,,,,,,,,,,,,,,,,,
,,,,,,,,,,,,,,,,,,
,,,,,,,,,,,,,,,,,,
,,,,,,,,,,,,,,,,,,
,,,,,,,,,,,,,,,,,,
,,,,,,,,,,,,,,,,,,
,,,,,,,,,,,,,,,,,,
,,,,,,,,,,,,,,,,,,
,,,,,,,,,,,,,,,,,,
,,,,,,,,,,,,,,,,,,
,,,,,,,,,,,,,,,,,,
,,,,,,,,,,,,,,,,,,
,,,,,,,,,,,,,,,,,,
,,,,,,,,,,,,,,,,,,
,,,,,,,,,,,,,,,,,,
,,,,,,,,,,,,,,,,,,
,,,,,,,,,,,,,,,,,,
,,,,,,,,,,,,,,,,,,
,,,,,,,,,,,,,,,,,,
,,,,,,,,,,,,,,,,,,
,,,,,,,,,,,,,,,,,,
,,,,,,,,,,,,,,,,,,
,,,,,,,,,,,,,,,,,,
,,,,,,,,,,,,,,,,,,
,,,,,,,,,,,,,,,,,,
,,,,,,,,,,,,,,,,,,
,,,,,,,,,,,,,,,,,,
,,,,,,,,,,,,,,,,,,
,,,,,,,,,,,,,,,,,,
,,,,,,,,,,,,,,,,,,
,,,,,,,,,,,,,,,,,,
,,,,,,,,,,,,,,,,,,
,,,,,,,,,,,,,,,,,,
,,,,,,,,,,,,,,,,,,
,,,,,,,,,,,,,,,,,,
,,,,,,,,,,,,,,,,,,
,,,,,,,,,,,,,,,,,,
,,,,,,,,,,,,,,,,,,
,,,,,,,,,,,,,,,,,,
,,,,,,,,,,,,,,,,,,
,,,,,,,,,,,,,,,,,,
,,,,,,,,,,,,,,,,,,
,,,,,,,,,,,,,,,,,,
,,,,,,,,,,,,,,,,,,
,,,,,,,,,,,,,,,,,,
,,,,,,,,,,,,,,,,,,
,,,,,,,,,,,,,,,,,,
,,,,,,,,,,,,,,,,,,
,,,,,,,,,,,,,,,,,,
,,,,,,,,,,,,,,,,,,
,,,,,,,,,,,,,,,,,,
,,,,,,,,,,,,,,,,,,
,,,,,,,,,,,,,,,,,,
,,,,,,,,,,,,,,,,,,
,,,,,,,,,,,,,,,,,,
,,,,,,,,,,,,,,,,,,
,,,,,,,,,,,,,,,,,,
,,,,,,,,,,,,,,,,,,
,,,,,,,,,,,,,,,,,,
,,,,,,,,,,,,,,,,,,
,,,,,,,,,,,,,,,,,,
,,,,,,,,,,,,,,,,,,
,,,,,,,,,,,,,,,,,,
,,,,,,,,,,,,,,,,,,
,,,,,,,,,,,,,,,,,,
,,,,,,,,,,,,,,,,,,
,,,,,,,,,,,,,,,,,,
,,,,,,,,,,,,,,,,,,
,,,,,,,,,,,,,,,,,,
,,,,,,,,,,,,,,,,,,
,,,,,,,,,,,,,,,,,,
,,,,,,,,,,,,,,,,,,
,,,,,,,,,,,,,,,,,,
,,,,,,,,,,,,,,,,,,
,,,,,,,,,,,,,,,,,,
,,,,,,,,,,,,,,,,,,
,,,,,,,,,,,,,,,,,,
,,,,,,,,,,,,,,,,,,
,,,,,,,,,,,,,,,,,,
,,,,,,,,,,,,,,,,,,
,,,,,,,,,,,,,,,,,,
,,,,,,,,,,,,,,,,,,
,,,,,,,,,,,,,,,,,,
,,,,,,,,,,,,,,,,,,
,,,,,,,,,,,,,,,,,,
,,,,,,,,,,,,,,,,,,
,,,,,,,,,,,,,,,,,,
,,,,,,,,,,,,,,,,,,
,,,,,,,,,,,,,,,,,,
,,,,,,,,,,,,,,,,,,
,,,,,,,,,,,,,,,,,,
,,,,,,,,,,,,,,,,,,
,,,,,,,,,,,,,,,,,,
,,,,,,,,,,,,,,,,,,
,,,,,,,,,,,,,,,,,,
,,,,,,,,,,,,,,,,,,
,,,,,,,,,,,,,,,,,,
,,,,,,,,,,,,,,,,,,
,,,,,,,,,,,,,,,,,,
,,,,,,,,,,,,,,,,,,
,,,,,,,,,,,,,,,,,,
,,,,,,,,,,,,,,,,,,
,,,,,,,,,,,,,,,,,,
,,,,,,,,,,,,,,,,,,
,,,,,,,,,,,,,,,,,,
,,,,,,,,,,,,,,,,,,
,,,,,,,,,,,,,,,,,,
,,,,,,,,,,,,,,,,,,
,,,,,,,,,,,,,,,,,,
,,,,,,,,,,,,,,,,,,
,,,,,,,,,,,,,,,,,,
,,,,,,,,,,,,,,,,,,
,,,,,,,,,,,,,,,,,,
,,,,,,,,,,,,,,,,,,
,,,,,,,,,,,,,,,,,,
,,,,,,,,,,,,,,,,,,
,,,,,,,,,,,,,,,,,,
,,,,,,,,,,,,,,,,,,
,,,,,,,,,,,,,,,,,,
,,,,,,,,,,,,,,,,,,
,,,,,,,,,,,,,,,,,,
,,,,,,,,,,,,,,,,,,
,,,,,,,,,,,,,,,,,,
,,,,,,,,,,,,,,,,,,
,,,,,,,,,,,,,,,,,,
,,,,,,,,,,,,,,,,,,
,,,,,,,,,,,,,,,,,,
,,,,,,,,,,,,,,,,,,
,,,,,,,,,,,,,,,,,,
,,,,,,,,,,,,,,,,,,
,,,,,,,,,,,,,,,,,,
,,,,,,,,,,,,,,,,,,
,,,,,,,,,,,,,,,,,,
,,,,,,,,,,,,,,,,,,
,,,,,,,,,,,,,,,,,,
,,,,,,,,,,,,,,,,,,
,,,,,,,,,,,,,,,,,,
,,,,,,,,,,,,,,,,,,
,,,,,,,,,,,,,,,,,,
,,,,,,,,,,,,,,,,,,
,,,,,,,,,,,,,,,,,,
,,,,,,,,,,,,,,,,,,
,,,,,,,,,,,,,,,,,,
,,,,,,,,,,,,,,,,,,
,,,,,,,,,,,,,,,,,,
,,,,,,,,,,,,,,,,,,
,,,,,,,,,,,,,,,,,,
,,,,,,,,,,,,,,,,,,
,,,,,,,,,,,,,,,,,,
,,,,,,,,,,,,,,,,,,
,,,,,,,,,,,,,,,,,,
,,,,,,,,,,,,,,,,,,
,,,,,,,,,,,,,,,,,,
,,,,,,,,,,,,,,,,,,
,,,,,,,,,,,,,,,,,,
,,,,,,,,,,,,,,,,,,
,,,,,,,,,,,,,,,,,,
,,,,,,,,,,,,,,,,,,
,,,,,,,,,,,,,,,,,,
,,,,,,,,,,,,,,,,,,
,,,,,,,,,,,,,,,,,,
,,,,,,,,,,,,,,,,,,
,,,,,,,,,,,,,,,,,,
,,,,,,,,,,,,,,,,,,
,,,,,,,,,,,,,,,,,,
,,,,,,,,,,,,,,,,,,
,,,,,,,,,,,,,,,,,,
,,,,,,,,,,,,,,,,,,
,,,,,,,,,,,,,,,,,,
,,,,,,,,,,,,,,,,,,
,,,,,,,,,,,,,,,,,,
,,,,,,,,,,,,,,,,,,
,,,,,,,,,,,,,,,,,,
,,,,,,,,,,,,,,,,,,
,,,,,,,,,,,,,,,,,,
,,,,,,,,,,,,,,,,,,
,,,,,,,,,,,,,,,,,,
,,,,,,,,,,,,,,,,,,
,,,,,,,,,,,,,,,,,,
,,,,,,,,,,,,,,,,,,
,,,,,,,,,,,,,,,,,,
,,,,,,,,,,,,,,,,,,
,,,,,,,,,,,,,,,,,,
,,,,,,,,,,,,,,,,,,
,,,,,,,,,,,,,,,,,,
,,,,,,,,,,,,,,,,,,
,,,,,,,,,,,,,,,,,,
,,,,,,,,,,,,,,,,,,
,,,,,,,,,,,,,,,,,,
,,,,,,,,,,,,,,,,,,
,,,,,,,,,,,,,,,,,,
,,,,,,,,,,,,,,,,,,
,,,,,,,,,,,,,,,,,,
,,,,,,,,,,,,,,,,,,
,,,,,,,,,,,,,,,,,,
,,,,,,,,,,,,,,,,,,
,,,,,,,,,,,,,,,,,,
,,,,,,,,,,,,,,,,,,
,,,,,,,,,,,,,,,,,,
,,,,,,,,,,,,,,,,,,
,,,,,,,,,,,,,,,,,,
,,,,,,,,,,,,,,,,,,
,,,,,,,,,,,,,,,,,,
,,,,,,,,,,,,,,,,,,
,,,,,,,,,,,,,,,,,,
,,,,,,,,,,,,,,,,,,
,,,,,,,,,,,,,,,,,,
,,,,,,,,,,,,,,,,,,
,,,,,,,,,,,,,,,,,,
,,,,,,,,,,,,,,,,,,
,,,,,,,,,,,,,,,,,,
,,,,,,,,,,,,,,,,,,
,,,,,,,,,,,,,,,,,,
,,,,,,,,,,,,,,,,,,
,,,,,,,,,,,,,,,,,,
,,,,,,,,,,,,,,,,,,
,,,,,,,,,,,,,,,,,,
,,,,,,,,,,,,,,,,,,
,,,,,,,,,,,,,,,,,,
,,,,,,,,,,,,,,,,,,
,,,,,,,,,,,,,,,,,,
,,,,,,,,,,,,,,,,,,
,,,,,,,,,,,,,,,,,,
,,,,,,,,,,,,,,,,,,
,,,,,,,,,,,,,,,,,,
,,,,,,,,,,,,,,,,,,
,,,,,,,,,,,,,,,,,,
,,,,,,,,,,,,,,,,,,
,,,,,,,,,,,,,,,,,,
,,,,,,,,,,,,,,,,,,
,,,,,,,,,,,,,,,,,,
,,,,,,,,,,,,,,,,,,
,,,,,,,,,,,,,,,,,,
,,,,,,,,,,,,,,,,,,
,,,,,,,,,,,,,,,,,,
,,,,,,,,,,,,,,,,,,
,,,,,,,,,,,,,,,,,,
,,,,,,,,,,,,,,,,,,
,,,,,,,,,,,,,,,,,,
,,,,,,,,,,,,,,,,,,
,,,,,,,,,,,,,,,,,,
,,,,,,,,,,,,,,,,,,
,,,,,,,,,,,,,,,,,,
,,,,,,,,,,,,,,,,,,
,,,,,,,,,,,,,,,,,,
,,,,,,,,,,,,,,,,,,
,,,,,,,,,,,,,,,,,,
,,,,,,,,,,,,,,,,,,
,,,,,,,,,,,,,,,,,,
,,,,,,,,,,,,,,,,,,
,,,,,,,,,,,,,,,,,,
,,,,,,,,,,,,,,,,,,
,,,,,,,,,,,,,,,,,,
,,,,,,,,,,,,,,,,,,
,,,,,,,,,,,,,,,,,,
,,,,,,,,,,,,,,,,,,
,,,,,,,,,,,,,,,,,,
,,,,,,,,,,,,,,,,,,
,,,,,,,,,,,,,,,,,,
,,,,,,,,,,,,,,,,,,
,,,,,,,,,,,,,,,,,,
,,,,,,,,,,,,,,,,,,
,,,,,,,,,,,,,,,,,,
,,,,,,,,,,,,,,,,,,
,,,,,,,,,,,,,,,,,,
,,,,,,,,,,,,,,,,,,
,,,,,,,,,,,,,,,,,,
,,,,,,,,,,,,,,,,,,
,,,,,,,,,,,,,,,,,,
,,,,,,,,,,,,,,,,,,
,,,,,,,,,,,,,,,,,,
,,,,,,,,,,,,,,,,,,
,,,,,,,,,,,,,,,,,,
,,,,,,,,,,,,,,,,,,
,,,,,,,,,,,,,,,,,,
,,,,,,,,,,,,,,,,,,
,,,,,,,,,,,,,,,,,,
,,,,,,,,,,,,,,,,,,
,,,,,,,,,,,,,,,,,,
,,,,,,,,,,,,,,,,,,
,,,,,,,,,,,,,,,,,,
,,,,,,,,,,,,,,,,,,
,,,,,,,,,,,,,,,,,,
,,,,,,,,,,,,,,,,,,
,,,,,,,,,,,,,,,,,,
,,,,,,,,,,,,,,,,,,
,,,,,,,,,,,,,,,,,,
,,,,,,,,,,,,,,,,,,
,,,,,,,,,,,,,,,,,,
,,,,,,,,,,,,,,,,,,
,,,,,,,,,,,,,,,,,,
,,,,,,,,,,,,,,,,,,
,,,,,,,,,,,,,,,,,,
,,,,,,,,,,,,,,,,,,
,,,,,,,,,,,,,,,,,,
,,,,,,,,,,,,,,,,,,
,,,,,,,,,,,,,,,,,,
,,,,,,,,,,,,,,,,,,
,,,,,,,,,,,,,,,,,,
,,,,,,,,,,,,,,,,,,
,,,,,,,,,,,,,,,,,,
,,,,,,,,,,,,,,,,,,
,,,,,,,,,,,,,,,,,,
,,,,,,,,,,,,,,,,,,
,,,,,,,,,,,,,,,,,,
,,,,,,,,,,,,,,,,,,
,,,,,,,,,,,,,,,,,,
,,,,,,,,,,,,,,,,,,
,,,,,,,,,,,,,,,,,,
,,,,,,,,,,,,,,,,,,
,,,,,,,,,,,,,,,,,,
,,,,,,,,,,,,,,,,,,
,,,,,,,,,,,,,,,,,,
,,,,,,,,,,,,,,,,,,
,,,,,,,,,,,,,,,,,,
,,,,,,,,,,,,,,,,,,
,,,,,,,,,,,,,,,,,,
,,,,,,,,,,,,,,,,,,
,,,,,,,,,,,,,,,,,,
,,,,,,,,,,,,,,,,,,
,,,,,,,,,,,,,,,,,,
,,,,,,,,,,,,,,,,,,
,,,,,,,,,,,,,,,,,,
,,,,,,,,,,,,,,,,,,
,,,,,,,,,,,,,,,,,,
,,,,,,,,,,,,,,,,,,
,,,,,,,,,,,,,,,,,,
,,,,,,,,,,,,,,,,,,
,,,,,,,,,,,,,,,,,,
,,,,,,,,,,,,,,,,,,
,,,,,,,,,,,,,,,,,,
,,,,,,,,,,,,,,,,,,
,,,,,,,,,,,,,,,,,,
,,,,,,,,,,,,,,,,,,
,,,,,,,,,,,,,,,,,,
,,,,,,,,,,,,,,,,,,
,,,,,,,,,,,,,,,,,,
,,,,,,,,,,,,,,,,,,
,,,,,,,,,,,,,,,,,,
,,,,,,,,,,,,,,,,,,
,,,,,,,,,,,,,,,,,,
,,,,,,,,,,,,,,,,,,
,,,,,,,,,,,,,,,,,,
,,,,,,,,,,,,,,,,,,
,,,,,,,,,,,,,,,,,,
,,,,,,,,,,,,,,,,,,
,,,,,,,,,,,,,,,,,,
,,,,,,,,,,,,,,,,,,
,,,,,,,,,,,,,,,,,,
,,,,,,,,,,,,,,,,,,
,,,,,,,,,,,,,,,,,,
,,,,,,,,,,,,,,,,,,
,,,,,,,,,,,,,,,,,,
,,,,,,,,,,,,,,,,,,
,,,,,,,,,,,,,,,,,,
,,,,,,,,,,,,,,,,,,
,,,,,,,,,,,,,,,,,,
,,,,,,,,,,,,,,,,,,
,,,,,,,,,,,,,,,,,,
,,,,,,,,,,,,,,,,,,
,,,,,,,,,,,,,,,,,,
,,,,,,,,,,,,,,,,,,
,,,,,,,,,,,,,,,,,,
,,,,,,,,,,,,,,,,,,
,,,,,,,,,,,,,,,,,,
,,,,,,,,,,,,,,,,,,
,,,,,,,,,,,,,,,,,,
,,,,,,,,,,,,,,,,,,
,,,,,,,,,,,,,,,,,,
,,,,,,,,,,,,,,,,,,
,,,,,,,,,,,,,,,,,,
,,,,,,,,,,,,,,,,,,
,,,,,,,,,,,,,,,,,,
,,,,,,,,,,,,,,,,,,
,,,,,,,,,,,,,,,,,,
,,,,,,,,,,,,,,,,,,
,,,,,,,,,,,,,,,,,,
,,,,,,,,,,,,,,,,,,
,,,,,,,,,,,,,,,,,,
,,,,,,,,,,,,,,,,,,
,,,,,,,,,,,,,,,,,,
,,,,,,,,,,,,,,,,,,
,,,,,,,,,,,,,,,,,,
,,,,,,,,,,,,,,,,,,
,,,,,,,,,,,,,,,,,,
,,,,,,,,,,,,,,,,,,
,,,,,,,,,,,,,,,,,,
,,,,,,,,,,,,,,,,,,
,,,,,,,,,,,,,,,,,,
,,,,,,,,,,,,,,,,,,
,,,,,,,,,,,,,,,,,,
,,,,,,,,,,,,,,,,,,
,,,,,,,,,,,,,,,,,,
,,,,,,,,,,,,,,,,,,
,,,,,,,,,,,,,,,,,,
,,,,,,,,,,,,,,,,,,
,,,,,,,,,,,,,,,,,,
,,,,,,,,,,,,,,,,,,
,,,,,,,,,,,,,,,,,,
,,,,,,,,,,,,,,,,,,
,,,,,,,,,,,,,,,,,,
,,,,,,,,,,,,,,,,,,
,,,,,,,,,,,,,,,,,,
,,,,,,,,,,,,,,,,,,
,,,,,,,,,,,,,,,,,,
,,,,,,,,,,,,,,,,,,
,,,,,,,,,,,,,,,,,,
,,,,,,,,,,,,,,,,,,
,,,,,,,,,,,,,,,,,,
,,,,,,,,,,,,,,,,,,
,,,,,,,,,,,,,,,,,,
,,,,,,,,,,,,,,,,,,
,,,,,,,,,,,,,,,,,,
,,,,,,,,,,,,,,,,,,
,,,,,,,,,,,,,,,,,,
,,,,,,,,,,,,,,,,,,
,,,,,,,,,,,,,,,,,,
,,,,,,,,,,,,,,,,,,
,,,,,,,,,,,,,,,,,,
,,,,,,,,,,,,,,,,,,
,,,,,,,,,,,,,,,,,,
,,,,,,,,,,,,,,,,,,
,,,,,,,,,,,,,,,,,,
,,,,,,,,,,,,,,,,,,
,,,,,,,,,,,,,,,,,,
,,,,,,,,,,,,,,,,,,
,,,,,,,,,,,,,,,,,,
,,,,,,,,,,,,,,,,,,
,,,,,,,,,,,,,,,,,,
,,,,,,,,,,,,,,,,,,
,,,,,,,,,,,,,,,,,,
,,,,,,,,,,,,,,,,,,
,,,,,,,,,,,,,,,,,,
,,,,,,,,,,,,,,,,,,
,,,,,,,,,,,,,,,,,,
,,,,,,,,,,,,,,,,,,
,,,,,,,,,,,,,,,,,,
,,,,,,,,,,,,,,,,,,
,,,,,,,,,,,,,,,,,,
,,,,,,,,,,,,,,,,,,
,,,,,,,,,,,,,,,,,,
,,,,,,,,,,,,,,,,,,
,,,,,,,,,,,,,,,,,,
,,,,,,,,,,,,,,,,,,
,,,,,,,,,,,,,,,,,,
,,,,,,,,,,,,,,,,,,
,,,,,,,,,,,,,,,,,,
,,,,,,,,,,,,,,,,,,
,,,,,,,,,,,,,,,,,,
,,,,,,,,,,,,,,,,,,
,,,,,,,,,,,,,,,,,,
,,,,,,,,,,,,,,,,,,
,,,,,,,,,,,,,,,,,,
,,,,,,,,,,,,,,,,,,
,,,,,,,,,,,,,,,,,,
,,,,,,,,,,,,,,,,,,
,,,,,,,,,,,,,,,,,,
,,,,,,,,,,,,,,,,,,
,,,,,,,,,,,,,,,,,,
,,,,,,,,,,,,,,,,,,
,,,,,,,,,,,,,,,,,,
,,,,,,,,,,,,,,,,,,
,,,,,,,,,,,,,,,,,,
,,,,,,,,,,,,,,,,,,
,,,,,,,,,,,,,,,,,,
,,,,,,,,,,,,,,,,,,
,,,,,,,,,,,,,,,,,,
,,,,,,,,,,,,,,,,,,
,,,,,,,,,,,,,,,,,,
,,,,,,,,,,,,,,,,,,
,,,,,,,,,,,,,,,,,,
,,,,,,,,,,,,,,,,,,
,,,,,,,,,,,,,,,,,,
,,,,,,,,,,,,,,,,,,
,,,,,,,,,,,,,,,,,,
,,,,,,,,,,,,,,,,,,
,,,,,,,,,,,,,,,,,,
,,,,,,,,,,,,,,,,,,
,,,,,,,,,,,,,,,,,,
,,,,,,,,,,,,,,,,,,
,,,,,,,,,,,,,,,,,,
,,,,,,,,,,,,,,,,,,
,,,,,,,,,,,,,,,,,,
,,,,,,,,,,,,,,,,,,
,,,,,,,,,,,,,,,,,,
,,,,,,,,,,,,,,,,,,
,,,,,,,,,,,,,,,,,,
,,,,,,,,,,,,,,,,,,
,,,,,,,,,,,,,,,,,,
,,,,,,,,,,,,,,,,,,
,,,,,,,,,,,,,,,,,,
,,,,,,,,,,,,,,,,,,
,,,,,,,,,,,,,,,,,,
,,,,,,,,,,,,,,,,,,
,,,,,,,,,,,,,,,,,,
,,,,,,,,,,,,,,,,,,
,,,,,,,,,,,,,,,,,,
,,,,,,,,,,,,,,,,,,
,,,,,,,,,,,,,,,,,,
,,,,,,,,,,,,,,,,,,
,,,,,,,,,,,,,,,,,,
,,,,,,,,,,,,,,,,,,
,,,,,,,,,,,,,,,,,,
,,,,,,,,,,,,,,,,,,
,,,,,,,,,,,,,,,,,,
,,,,,,,,,,,,,,,,,,
,,,,,,,,,,,,,,,,,,
,,,,,,,,,,,,,,,,,,
,,,,,,,,,,,,,,,,,,
,,,,,,,,,,,,,,,,,,
,,,,,,,,,,,,,,,,,,
,,,,,,,,,,,,,,,,,,
,,,,,,,,,,,,,,,,,,
,,,,,,,,,,,,,,,,,,
,,,,,,,,,,,,,,,,,,
,,,,,,,,,,,,,,,,,,
,,,,,,,,,,,,,,,,,,
,,,,,,,,,,,,,,,,,,
,,,,,,,,,,,,,,,,,,
,,,,,,,,,,,,,,,,,,
,,,,,,,,,,,,,,,,,,
,,,,,,,,,,,,,,,,,,
,,,,,,,,,,,,,,,,,,
,,,,,,,,,,,,,,,,,,
,,,,,,,,,,,,,,,,,,
,,,,,,,,,,,,,,,,,,
,,,,,,,,,,,,,,,,,,
,,,,,,,,,,,,,,,,,,
,,,,,,,,,,,,,,,,,,
,,,,,,,,,,,,,,,,,,
,,,,,,,,,,,,,,,,,,
,,,,,,,,,,,,,,,,,,
,,,,,,,,,,,,,,,,,,
,,,,,,,,,,,,,,,,,,
,,,,,,,,,,,,,,,,,,
,,,,,,,,,,,,,,,,,,
,,,,,,,,,,,,,,,,,,
,,,,,,,,,,,,,,,,,,
,,,,,,,,,,,,,,,,,,
,,,,,,,,,,,,,,,,,,
,,,,,,,,,,,,,,,,,,
,,,,,,,,,,,,,,,,,,
,,,,,,,,,,,,,,,,,,
,,,,,,,,,,,,,,,,,,
,,,,,,,,,,,,,,,,,,
,,,,,,,,,,,,,,,,,,
,,,,,,,,,,,,,,,,,,
,,,,,,,,,,,,,,,,,,
,,,,,,,,,,,,,,,,,,
,,,,,,,,,,,,,,,,,,
,,,,,,,,,,,,,,,,,,
,,,,,,,,,,,,,,,,,,
,,,,,,,,,,,,,,,,,,
,,,,,,,,,,,,,,,,,,
,,,,,,,,,,,,,,,,,,
,,,,,,,,,,,,,,,,,,
,,,,,,,,,,,,,,,,,,
,,,,,,,,,,,,,,,,,,
,,,,,,,,,,,,,,,,,,
,,,,,,,,,,,,,,,,,,
,,,,,,,,,,,,,,,,,,
,,,,,,,,,,,,,,,,,,
,,,,,,,,,,,,,,,,,,
,,,,,,,,,,,,,,,,,,
,,,,,,,,,,,,,,,,,,
,,,,,,,,,,,,,,,,,,
,,,,,,,,,,,,,,,,,,
,,,,,,,,,,,,,,,,,,
,,,,,,,,,,,,,,,,,,
,,,,,,,,,,,,,,,,,,
,,,,,,,,,,,,,,,,,,
,,,,,,,,,,,,,,,,,,
,,,,,,,,,,,,,,,,,,
,,,,,,,,,,,,,,,,,,
,,,,,,,,,,,,,,,,,,
,,,,,,,,,,,,,,,,,,
,,,,,,,,,,,,,,,,,,
,,,,,,,,,,,,,,,,,,
,,,,,,,,,,,,,,,,,,
,,,,,,,,,,,,,,,,,,
,,,,,,,,,,,,,,,,,,
,,,,,,,,,,,,,,,,,,
,,,,,,,,,,,,,,,,,,
,,,,,,,,,,,,,,,,,,
,,,,,,,,,,,,,,,,,,
,,,,,,,,,,,,,,,,,,
,,,,,,,,,,,,,,,,,,
,,,,,,,,,,,,,,,,,,
,,,,,,,,,,,,,,,,,,
,,,,,,,,,,,,,,,,,,
,,,,,,,,,,,,,,,,,,
,,,,,,,,,,,,,,,,,,
,,,,,,,,,,,,,,,,,,
,,,,,,,,,,,,,,,,,,
,,,,,,,,,,,,,,,,,,
,,,,,,,,,,,,,,,,,,
,,,,,,,,,,,,,,,,,,
,,,,,,,,,,,,,,,,,,
,,,,,,,,,,,,,,,,,,
,,,,,,,,,,,,,,,,,,
,,,,,,,,,,,,,,,,,,
,,,,,,,,,,,,,,,,,,
,,,,,,,,,,,,,,,,,,
,,,,,,,,,,,,,,,,,,
,,,,,,,,,,,,,,,,,,
,,,,,,,,,,,,,,,,,,
,,,,,,,,,,,,,,,,,,
,,,,,,,,,,,,,,,,,,
,,,,,,,,,,,,,,,,,,
,,,,,,,,,,,,,,,,,,
,,,,,,,,,,,,,,,,,,
,,,,,,,,,,,,,,,,,,
,,,,,,,,,,,,,,,,,,
,,,,,,,,,,,,,,,,,,
,,,,,,,,,,,,,,,,,,
,,,,,,,,,,,,,,,,,,
,,,,,,,,,,,,,,,,,,
,,,,,,,,,,,,,,,,,,
,,,,,,,,,,,,,,,,,,
,,,,,,,,,,,,,,,,,,
,,,,,,,,,,,,,,,,,,
,,,,,,,,,,,,,,,,,,
,,,,,,,,,,,,,,,,,,
,,,,,,,,,,,,,,,,,,
,,,,,,,,,,,,,,,,,,
,,,,,,,,,,,,,,,,,,
,,,,,,,,,,,,,,,,,,
,,,,,,,,,,,,,,,,,,
,,,,,,,,,,,,,,,,,,
,,,,,,,,,,,,,,,,,,
,,,,,,,,,,,,,,,,,,
,,,,,,,,,,,,,,,,,,
,,,,,,,,,,,,,,,,,,
,,,,,,,,,,,,,,,,,,
,,,,,,,,,,,,,,,,,,
,,,,,,,,,,,,,,,,,,
,,,,,,,,,,,,,,,,,,
,,,,,,,,,,,,,,,,,,
,,,,,,,,,,,,,,,,,,
,,,,,,,,,,,,,,,,,,
,,,,,,,,,,,,,,,,,,
,,,,,,,,,,,,,,,,,,
,,,,,,,,,,,,,,,,,,
,,,,,,,,,,,,,,,,,,
,,,,,,,,,,,,,,,,,,
,,,,,,,,,,,,,,,,,,
,,,,,,,,,,,,,,,,,,
,,,,,,,,,,,,,,,,,,
,,,,,,,,,,,,,,,,,,
,,,,,,,,,,,,,,,,,,
,,,,,,,,,,,,,,,,,,
,,,,,,,,,,,,,,,,,,
,,,,,,,,,,,,,,,,,,
,,,,,,,,,,,,,,,,,,
,,,,,,,,,,,,,,,,,,
,,,,,,,,,,,,,,,,,,
,,,,,,,,,,,,,,,,,,
,,,,,,,,,,,,,,,,,,
,,,,,,,,,,,,,,,,,,
,,,,,,,,,,,,,,,,,,
,,,,,,,,,,,,,,,,,,
,,,,,,,,,,,,,,,,,,
,,,,,,,,,,,,,,,,,,
,,,,,,,,,,,,,,,,,,
,,,,,,,,,,,,,,,,,,
,,,,,,,,,,,,,,,,,,
,,,,,,,,,,,,,,,,,,
,,,,,,,,,,,,,,,,,,
,,,,,,,,,,,,,,,,,,
,,,,,,,,,,,,,,,,,,
,,,,,,,,,,,,,,,,,,
,,,,,,,,,,,,,,,,,,
,,,,,,,,,,,,,,,,,,
,,,,,,,,,,,,,,,,,,
,,,,,,,,,,,,,,,,,,
,,,,,,,,,,,,,,,,,,
,,,,,,,,,,,,,,,,,,
,,,,,,,,,,,,,,,,,,
,,,,,,,,,,,,,,,,,,
,,,,,,,,,,,,,,,,,,
,,,,,,,,,,,,,,,,,,
,,,,,,,,,,,,,,,,,,
,,,,,,,,,,,,,,,,,,
,,,,,,,,,,,,,,,,,,
,,,,,,,,,,,,,,,,,,
,,,,,,,,,,,,,,,,,,
,,,,,,,,,,,,,,,,,,
,,,,,,,,,,,,,,,,,,
,,,,,,,,,,,,,,,,,,
,,,,,,,,,,,,,,,,,,
,,,,,,,,,,,,,,,,,,
,,,,,,,,,,,,,,,,,,
,,,,,,,,,,,,,,,,,,
,,,,,,,,,,,,,,,,,,
,,,,,,,,,,,,,,,,,,
,,,,,,,,,,,,,,,,,,
,,,,,,,,,,,,,,,,,,
,,,,,,,,,,,,,,,,,,
,,,,,,,,,,,,,,,,,,
,,,,,,,,,,,,,,,,,,
,,,,,,,,,,,,,,,,,,
,,,,,,,,,,,,,,,,,,
,,,,,,,,,,,,,,,,,,
,,,,,,,,,,,,,,,,,,
,,,,,,,,,,,,,,,,,,
,,,,,,,,,,,,,,,,,,
,,,,,,,,,,,,,,,,,,
,,,,,,,,,,,,,,,,,,
,,,,,,,,,,,,,,,,,,
,,,,,,,,,,,,,,,,,,
,,,,,,,,,,,,,,,,,,
,,,,,,,,,,,,,,,,,,
,,,,,,,,,,,,,,,,,,
,,,,,,,,,,,,,,,,,,
,,,,,,,,,,,,,,,,,,
,,,,,,,,,,,,,,,,,,
,,,,,,,,,,,,,,,,,,
,,,,,,,,,,,,,,,,,,
,,,,,,,,,,,,,,,,,,
,,,,,,,,,,,,,,,,,,
,,,,,,,,,,,,,,,,,,
,,,,,,,,,,,,,,,,,,
,,,,,,,,,,,,,,,,,,
,,,,,,,,,,,,,,,,,,
,,,,,,,,,,,,,,,,,,
,,,,,,,,,,,,,,,,,,
,,,,,,,,,,,,,,,,,,
,,,,,,,,,,,,,,,,,,
,,,,,,,,,,,,,,,,,,
,,,,,,,,,,,,,,,,,,
,,,,,,,,,,,,,,,,,,
,,,,,,,,,,,,,,,,,,
,,,,,,,,,,,,,,,,,,
,,,,,,,,,,,,,,,,,,
,,,,,,,,,,,,,,,,,,
,,,,,,,,,,,,,,,,,,
,,,,,,,,,,,,,,,,,,
,,,,,,,,,,,,,,,,,,
,,,,,,,,,,,,,,,,,,
,,,,,,,,,,,,,,,,,,
,,,,,,,,,,,,,,,,,,
,,,,,,,,,,,,,,,,,,
,,,,,,,,,,,,,,,,,,
,,,,,,,,,,,,,,,,,,
,,,,,,,,,,,,,,,,,,
,,,,,,,,,,,,,,,,,,
,,,,,,,,,,,,,,,,,,
,,,,,,,,,,,,,,,,,,
,,,,,,,,,,,,,,,,,,
,,,,,,,,,,,,,,,,,,
,,,,,,,,,,,,,,,,,,
,,,,,,,,,,,,,,,,,,
,,,,,,,,,,,,,,,,,,
,,,,,,,,,,,,,,,,,,
,,,,,,,,,,,,,,,,,,
,,,,,,,,,,,,,,,,,,
,,,,,,,,,,,,,,,,,,
,,,,,,,,,,,,,,,,,,
,,,,,,,,,,,,,,,,,,
,,,,,,,,,,,,,,,,,,
,,,,,,,,,,,,,,,,,,
,,,,,,,,,,,,,,,,,,
,,,,,,,,,,,,,,,,,,
,,,,,,,,,,,,,,,,,,
,,,,,,,,,,,,,,,,,,
,,,,,,,,,,,,,,,,,,
,,,,,,,,,,,,,,,,,,
,,,,,,,,,,,,,,,,,,
,,,,,,,,,,,,,,,,,,
,,,,,,,,,,,,,,,,,,
,,,,,,,,,,,,,,,,,,
,,,,,,,,,,,,,,,,,,
,,,,,,,,,,,,,,,,,,
,,,,,,,,,,,,,,,,,,
,,,,,,,,,,,,,,,,,,
,,,,,,,,,,,,,,,,,,
,,,,,,,,,,,,,,,,,,
,,,,,,,,,,,,,,,,,,
,,,,,,,,,,,,,,,,,,
,,,,,,,,,,,,,,,,,,
,,,,,,,,,,,,,,,,,,
,,,,,,,,,,,,,,,,,,
,,,,,,,,,,,,,,,,,,
,,,,,,,,,,,,,,,,,,
,,,,,,,,,,,,,,,,,,
,,,,,,,,,,,,,,,,,,
,,,,,,,,,,,,,,,,,,
,,,,,,,,,,,,,,,,,,
,,,,,,,,,,,,,,,,,,
,,,,,,,,,,,,,,,,,,
,,,,,,,,,,,,,,,,,,
,,,,,,,,,,,,,,,,,,
,,,,,,,,,,,,,,,,,,
,,,,,,,,,,,,,,,,,,
,,,,,,,,,,,,,,,,,,
,,,,,,,,,,,,,,,,,,
,,,,,,,,,,,,,,,,,,
,,,,,,,,,,,,,,,,,,
,,,,,,,,,,,,,,,,,,
,,,,,,,,,,,,,,,,,,
,,,,,,,,,,,,,,,,,,
,,,,,,,,,,,,,,,,,,
,,,,,,,,,,,,,,,,,,
,,,,,,,,,,,,,,,,,,
,,,,,,,,,,,,,,,,,,
,,,,,,,,,,,,,,,,,,
,,,,,,,,,,,,,,,,,,
,,,,,,,,,,,,,,,,,,
,,,,,,,,,,,,,,,,,,
,,,,,,,,,,,,,,,,,,
,,,,,,,,,,,,,,,,,,
,,,,,,,,,,,,,,,,,,
,,,,,,,,,,,,,,,,,,
,,,,,,,,,,,,,,,,,,
,,,,,,,,,,,,,,,,,,
,,,,,,,,,,,,,,,,,,
,,,,,,,,,,,,,,,,,,
,,,,,,,,,,,,,,,,,,
,,,,,,,,,,,,,,,,,,
,,,,,,,,,,,,,,,,,,
,,,,,,,,,,,,,,,,,,
,,,,,,,,,,,,,,,,,,
,,,,,,,,,,,,,,,,,,
,,,,,,,,,,,,,,,,,,
,,,,,,,,,,,,,,,,,,
,,,,,,,,,,,,,,,,,,
,,,,,,,,,,,,,,,,,,
,,,,,,,,,,,,,,,,,,
,,,,,,,,,,,,,,,,,,
,,,,,,,,,,,,,,,,,,
,,,,,,,,,,,,,,,,,,
,,,,,,,,,,,,,,,,,,
,,,,,,,,,,,,,,,,,,
,,,,,,,,,,,,,,,,,,
,,,,,,,,,,,,,,,,,,
,,,,,,,,,,,,,,,,,,
,,,,,,,,,,,,,,,,,,
,,,,,,,,,,,,,,,,,,
,,,,,,,,,,,,,,,,,,
,,,,,,,,,,,,,,,,,,
,,,,,,,,,,,,,,,,,,
,,,,,,,,,,,,,,,,,,
,,,,,,,,,,,,,,,,,,
,,,,,,,,,,,,,,,,,,
,,,,,,,,,,,,,,,,,,
,,,,,,,,,,,,,,,,,,
,,,,,,,,,,,,,,,,,,
,,,,,,,,,,,,,,,,,,
,,,,,,,,,,,,,,,,,,
,,,,,,,,,,,,,,,,,,
,,,,,,,,,,,,,,,,,,
,,,,,,,,,,,,,,,,,,
,,,,,,,,,,,,,,,,,,
,,,,,,,,,,,,,,,,,,
,,,,,,,,,,,,,,,,,,
,,,,,,,,,,,,,,,,,,
,,,,,,,,,,,,,,,,,,
,,,,,,,,,,,,,,,,,,
,,,,,,,,,,,,,,,,,,
,,,,,,,,,,,,,,,,,,
,,,,,,,,,,,,,,,,,,
,,,,,,,,,,,,,,,,,,
,,,,,,,,,,,,,,,,,,
,,,,,,,,,,,,,,,,,,
,,,,,,,,,,,,,,,,,,
,,,,,,,,,,,,,,,,,,
,,,,,,,,,,,,,,,,,,
,,,,,,,,,,,,,,,,,,
,,,,,,,,,,,,,,,,,,
,,,,,,,,,,,,,,,,,,
,,,,,,,,,,,,,,,,,,
,,,,,,,,,,,,,,,,,,
,,,,,,,,,,,,,,,,,,
,,,,,,,,,,,,,,,,,,
,,,,,,,,,,,,,,,,,,
,,,,,,,,,,,,,,,,,,
,,,,,,,,,,,,,,,,,,
,,,,,,,,,,,,,,,,,,
,,,,,,,,,,,,,,,,,,
,,,,,,,,,,,,,,,,,,
,,,,,,,,,,,,,,,,,,
,,,,,,,,,,,,,,,,,,
,,,,,,,,,,,,,,,,,,
,,,,,,,,,,,,,,,,,,
,,,,,,,,,,,,,,,,,,
,,,,,,,,,,,,,,,,,,
,,,,,,,,,,,,,,,,,,
,,,,,,,,,,,,,,,,,,
,,,,,,,,,,,,,,,,,,
,,,,,,,,,,,,,,,,,,
,,,,,,,,,,,,,,,,,,
,,,,,,,,,,,,,,,,,,
,,,,,,,,,,,,,,,,,,
,,,,,,,,,,,,,,,,,,
,,,,,,,,,,,,,,,,,,
,,,,,,,,,,,,,,,,,,
,,,,,,,,,,,,,,,,,,
,,,,,,,,,,,,,,,,,,
,,,,,,,,,,,,,,,,,,
,,,,,,,,,,,,,,,,,,
,,,,,,,,,,,,,,,,,,
,,,,,,,,,,,,,,,,,,
,,,,,,,,,,,,,,,,,,
,,,,,,,,,,,,,,,,,,
,,,,,,,,,,,,,,,,,,
,,,,,,,,,,,,,,,,,,
,,,,,,,,,,,,,,,,,,
,,,,,,,,,,,,,,,,,,
,,,,,,,,,,,,,,,,,,
,,,,,,,,,,,,,,,,,,
,,,,,,,,,,,,,,,,,,
,,,,,,,,,,,,,,,,,,
,,,,,,,,,,,,,,,,,,
,,,,,,,,,,,,,,,,,,
,,,,,,,,,,,,,,,,,,
,,,,,,,,,,,,,,,,,,
,,,,,,,,,,,,,,,,,,
,,,,,,,,,,,,,,,,,,
,,,,,,,,,,,,,,,,,,
,,,,,,,,,,,,,,,,,,
,,,,,,,,,,,,,,,,,,
,,,,,,,,,,,,,,,,,,
,,,,,,,,,,,,,,,,,,
,,,,,,,,,,,,,,,,,,
,,,,,,,,,,,,,,,,,,
,,,,,,,,,,,,,,,,,,
,,,,,,,,,,,,,,,,,,
,,,,,,,,,,,,,,,,,,
,,,,,,,,,,,,,,,,,,
,,,,,,,,,,,,,,,,,,
,,,,,,,,,,,,,,,,,,
,,,,,,,,,,,,,,,,,,
,,,,,,,,,,,,,,,,,,
,,,,,,,,,,,,,,,,,,
,,,,,,,,,,,,,,,,,,
,,,,,,,,,,,,,,,,,,
,,,,,,,,,,,,,,,,,,
,,,,,,,,,,,,,,,,,,
,,,,,,,,,,,,,,,,,,
,,,,,,,,,,,,,,,,,,
,,,,,,,,,,,,,,,,,,
,,,,,,,,,,,,,,,,,,
,,,,,,,,,,,,,,,,,,
,,,,,,,,,,,,,,,,,,
,,,,,,,,,,,,,,,,,,
,,,,,,,,,,,,,,,,,,
,,,,,,,,,,,,,,,,,,
,,,,,,,,,,,,,,,,,,
,,,,,,,,,,,,,,,,,,
,,,,,,,,,,,,,,,,,,
,,,,,,,,,,,,,,,,,,
,,,,,,,,,,,,,,,,,,
,,,,,,,,,,,,,,,,,,
,,,,,,,,,,,,,,,,,,
,,,,,,,,,,,,,,,,,,
,,,,,,,,,,,,,,,,,,
,,,,,,,,,,,,,,,,,,
,,,,,,,,,,,,,,,,,,
,,,,,,,,,,,,,,,,,,
,,,,,,,,,,,,,,,,,,
,,,,,,,,,,,,,,,,,,
,,,,,,,,,,,,,,,,,,
,,,,,,,,,,,,,,,,,,
,,,,,,,,,,,,,,,,,,
,,,,,,,,,,,,,,,,,,
,,,,,,,,,,,,,,,,,,
,,,,,,,,,,,,,,,,,,
,,,,,,,,,,,,,,,,,,
,,,,,,,,,,,,,,,,,,
,,,,,,,,,,,,,,,,,,
,,,,,,,,,,,,,,,,,,
,,,,,,,,,,,,,,,,,,
,,,,,,,,,,,,,,,,,,
,,,,,,,,,,,,,,,,,,
,,,,,,,,,,,,,,,,,,
,,,,,,,,,,,,,,,,,,
,,,,,,,,,,,,,,,,,,
,,,,,,,,,,,,,,,,,,
,,,,,,,,,,,,,,,,,,
,,,,,,,,,,,,,,,,,,
,,,,,,,,,,,,,,,,,,
,,,,,,,,,,,,,,,,,,
,,,,,,,,,,,,,,,,,,
,,,,,,,,,,,,,,,,,,
,,,,,,,,,,,,,,,,,,
,,,,,,,,,,,,,,,,,,
,,,,,,,,,,,,,,,,,,
,,,,,,,,,,,,,,,,,,
,,,,,,,,,,,,,,,,,,
,,,,,,,,,,,,,,,,,,
,,,,,,,,,,,,,,,,,,
,,,,,,,,,,,,,,,,,,
,,,,,,,,,,,,,,,,,,
,,,,,,,,,,,,,,,,,,
,,,,,,,,,,,,,,,,,,
,,,,,,,,,,,,,,,,,,
,,,,,,,,,,,,,,,,,,
,,,,,,,,,,,,,,,,,,
,,,,,,,,,,,,,,,,,,
,,,,,,,,,,,,,,,,,,
,,,,,,,,,,,,,,,,,,
,,,,,,,,,,,,,,,,,,
,,,,,,,,,,,,,,,,,,
,,,,,,,,,,,,,,,,,,
,,,,,,,,,,,,,,,,,,
,,,,,,,,,,,,,,,,,,
,,,,,,,,,,,,,,,,,,
,,,,,,,,,,,,,,,,,,
,,,,,,,,,,,,,,,,,,
,,,,,,,,,,,,,,,,,,
,,,,,,,,,,,,,,,,,,
,,,,,,,,,,,,,,,,,,
,,,,,,,,,,,,,,,,,,
,,,,,,,,,,,,,,,,,,
,,,,,,,,,,,,,,,,,,
,,,,,,,,,,,,,,,,,,
,,,,,,,,,,,,,,,,,,
,,,,,,,,,,,,,,,,,,
,,,,,,,,,,,,,,,,,,
,,,,,,,,,,,,,,,,,,
,,,,,,,,,,,,,,,,,,
,,,,,,,,,,,,,,,,,,
,,,,,,,,,,,,,,,,,,
,,,,,,,,,,,,,,,,,,
,,,,,,,,,,,,,,,,,,
,,,,,,,,,,,,,,,,,,
,,,,,,,,,,,,,,,,,,
,,,,,,,,,,,,,,,,,,
,,,,,,,,,,,,,,,,,,
,,,,,,,,,,,,,,,,,,
,,,,,,,,,,,,,,,,,,
,,,,,,,,,,,,,,,,,,
,,,,,,,,,,,,,,,,,,
,,,,,,,,,,,,,,,,,,
,,,,,,,,,,,,,,,,,,
,,,,,,,,,,,,,,,,,,
,,,,,,,,,,,,,,,,,,
,,,,,,,,,,,,,,,,,,
,,,,,,,,,,,,,,,,,,
,,,,,,,,,,,,,,,,,,
,,,,,,,,,,,,,,,,,,
,,,,,,,,,,,,,,,,,,
,,,,,,,,,,,,,,,,,,
,,,,,,,,,,,,,,,,,,
,,,,,,,,,,,,,,,,,,
,,,,,,,,,,,,,,,,,,
,,,,,,,,,,,,,,,,,,
,,,,,,,,,,,,,,,,,,
,,,,,,,,,,,,,,,,,,
,,,,,,,,,,,,,,,,,,
,,,,,,,,,,,,,,,,,,
,,,,,,,,,,,,,,,,,,
,,,,,,,,,,,,,,,,,,
,,,,,,,,,,,,,,,,,,
,,,,,,,,,,,,,,,,,,
,,,,,,,,,,,,,,,,,,
,,,,,,,,,,,,,,,,,,
,,,,,,,,,,,,,,,,,,
,,,,,,,,,,,,,,,,,,
,,,,,,,,,,,,,,,,,,
,,,,,,,,,,,,,,,,,,
,,,,,,,,,,,,,,,,,,
,,,,,,,,,,,,,,,,,,
,,,,,,,,,,,,,,,,,,
,,,,,,,,,,,,,,,,,,
,,,,,,,,,,,,,,,,,,
,,,,,,,,,,,,,,,,,,
,,,,,,,,,,,,,,,,,,
,,,,,,,,,,,,,,,,,,
,,,,,,,,,,,,,,,,,,
,,,,,,,,,,,,,,,,,,
,,,,,,,,,,,,,,,,,,
,,,,,,,,,,,,,,,,,,
,,,,,,,,,,,,,,,,,,
,,,,,,,,,,,,,,,,,,
,,,,,,,,,,,,,,,,,,
,,,,,,,,,,,,,,,,,,
,,,,,,,,,,,,,,,,,,
,,,,,,,,,,,,,,,,,,
,,,,,,,,,,,,,,,,,,
,,,,,,,,,,,,,,,,,,
,,,,,,,,,,,,,,,,,,
,,,,,,,,,,,,,,,,,,
,,,,,,,,,,,,,,,,,,
,,,,,,,,,,,,,,,,,,
,,,,,,,,,,,,,,,,,,
,,,,,,,,,,,,,,,,,,
,,,,,,,,,,,,,,,,,,
,,,,,,,,,,,,,,,,,,
,,,,,,,,,,,,,,,,,,
,,,,,,,,,,,,,,,,,,
,,,,,,,,,,,,,,,,,,
,,,,,,,,,,,,,,,,,,
,,,,,,,,,,,,,,,,,,
,,,,,,,,,,,,,,,,,,
,,,,,,,,,,,,,,,,,,
,,,,,,,,,,,,,,,,,,
,,,,,,,,,,,,,,,,,,
,,,,,,,,,,,,,,,,,,
,,,,,,,,,,,,,,,,,,
,,,,,,,,,,,,,,,,,,
,,,,,,,,,,,,,,,,,,
,,,,,,,,,,,,,,,,,,
,,,,,,,,,,,,,,,,,,
,,,,,,,,,,,,,,,,,,
,,,,,,,,,,,,,,,,,,
,,,,,,,,,,,,,,,,,,
,,,,,,,,,,,,,,,,,,
,,,,,,,,,,,,,,,,,,
,,,,,,,,,,,,,,,,,,
,,,,,,,,,,,,,,,,,,
,,,,,,,,,,,,,,,,,,
,,,,,,,,,,,,,,,,,,
,,,,,,,,,,,,,,,,,,
,,,,,,,,,,,,,,,,,,
,,,,,,,,,,,,,,,,,,
,,,,,,,,,,,,,,,,,,
,,,,,,,,,,,,,,,,,,
,,,,,,,,,,,,,,,,,,
,,,,,,,,,,,,,,,,,,
,,,,,,,,,,,,,,,,,,
,,,,,,,,,,,,,,,,,,
,,,,,,,,,,,,,,,,,,
,,,,,,,,,,,,,,,,,,
,,,,,,,,,,,,,,,,,,
,,,,,,,,,,,,,,,,,,
,,,,,,,,,,,,,,,,,,
,,,,,,,,,,,,,,,,,,
,,,,,,,,,,,,,,,,,,
,,,,,,,,,,,,,,,,,,
,,,,,,,,,,,,,,,,,,
,,,,,,,,,,,,,,,,,,
,,,,,,,,,,,,,,,,,,
,,,,,,,,,,,,,,,,,,
,,,,,,,,,,,,,,,,,,
,,,,,,,,,,,,,,,,,,
,,,,,,,,,,,,,,,,,,
,,,,,,,,,,,,,,,,,,
,,,,,,,,,,,,,,,,,,
,,,,,,,,,,,,,,,,,,
,,,,,,,,,,,,,,,,,,
,,,,,,,,,,,,,,,,,,
,,,,,,,,,,,,,,,,,,
,,,,,,,,,,,,,,,,,,
,,,,,,,,,,,,,,,,,,
,,,,,,,,,,,,,,,,,,
,,,,,,,,,,,,,,,,,,
,,,,,,,,,,,,,,,,,,
,,,,,,,,,,,,,,,,,,
,,,,,,,,,,,,,,,,,,
,,,,,,,,,,,,,,,,,,
,,,,,,,,,,,,,,,,,,
,,,,,,,,,,,,,,,,,,
,,,,,,,,,,,,,,,,,,
,,,,,,,,,,,,,,,,,,
,,,,,,,,,,,,,,,,,,
,,,,,,,,,,,,,,,,,,
,,,,,,,,,,,,,,,,,,
,,,,,,,,,,,,,,,,,,
,,,,,,,,,,,,,,,,,,
,,,,,,,,,,,,,,,,,,
,,,,,,,,,,,,,,,,,,
,,,,,,,,,,,,,,,,,,
,,,,,,,,,,,,,,,,,,
,,,,,,,,,,,,,,,,,,
,,,,,,,,,,,,,,,,,,
,,,,,,,,,,,,,,,,,,
,,,,,,,,,,,,,,,,,,
,,,,,,,,,,,,,,,,,,
,,,,,,,,,,,,,,,,,,
,,,,,,,,,,,,,,,,,,
,,,,,,,,,,,,,,,,,,
,,,,,,,,,,,,,,,,,,
,,,,,,,,,,,,,,,,,,
,,,,,,,,,,,,,,,,,,
,,,,,,,,,,,,,,,,,,
,,,,,,,,,,,,,,,,,,
,,,,,,,,,,,,,,,,,,
,,,,,,,,,,,,,,,,,,
,,,,,,,,,,,,,,,,,,
,,,,,,,,,,,,,,,,,,
,,,,,,,,,,,,,,,,,,
,,,,,,,,,,,,,,,,,,
,,,,,,,,,,,,,,,,,,
,,,,,,,,,,,,,,,,,,
,,,,,,,,,,,,,,,,,,
,,,,,,,,,,,,,,,,,,
,,,,,,,,,,,,,,,,,,
,,,,,,,,,,,,,,,,,,
,,,,,,,,,,,,,,,,,,
,,,,,,,,,,,,,,,,,,
,,,,,,,,,,,,,,,,,,
,,,,,,,,,,,,,,,,,,
,,,,,,,,,,,,,,,,,,
,,,,,,,,,,,,,,,,,,
,,,,,,,,,,,,,,,,,,
,,,,,,,,,,,,,,,,,,
,,,,,,,,,,,,,,,,,,
,,,,,,,,,,,,,,,,,,
,,,,,,,,,,,,,,,,,,
,,,,,,,,,,,,,,,,,,
,,,,,,,,,,,,,,,,,,
,,,,,,,,,,,,,,,,,,
,,,,,,,,,,,,,,,,,,
,,,,,,,,,,,,,,,,,,
,,,,,,,,,,,,,,,,,,
,,,,,,,,,,,,,,,,,,
,,,,,,,,,,,,,,,,,,
,,,,,,,,,,,,,,,,,,
,,,,,,,,,,,,,,,,,,
,,,,,,,,,,,,,,,,,,
,,,,,,,,,,,,,,,,,,
,,,,,,,,,,,,,,,,,,
,,,,,,,,,,,,,,,,,,
,,,,,,,,,,,,,,,,,,
,,,,,,,,,,,,,,,,,,
,,,,,,,,,,,,,,,,,,
,,,,,,,,,,,,,,,,,,
,,,,,,,,,,,,,,,,,,
,,,,,,,,,,,,,,,,,,
,,,,,,,,,,,,,,,,,,
,,,,,,,,,,,,,,,,,,
,,,,,,,,,,,,,,,,,,
,,,,,,,,,,,,,,,,,,
,,,,,,,,,,,,,,,,,,
,,,,,,,,,,,,,,,,,,
,,,,,,,,,,,,,,,,,,
,,,,,,,,,,,,,,,,,,
,,,,,,,,,,,,,,,,,,
,,,,,,,,,,,,,,,,,,
,,,,,,,,,,,,,,,,,,
,,,,,,,,,,,,,,,,,,
,,,,,,,,,,,,,,,,,,
,,,,,,,,,,,,,,,,,,
,,,,,,,,,,,,,,,,,,
,,,,,,,,,,,,,,,,,,
,,,,,,,,,,,,,,,,,,
,,,,,,,,,,,,,,,,,,
,,,,,,,,,,,,,,,,,,
